address,name,symbol,label
0x00027908a7e322b4990fd5d92a37906af46e9aee,BitcoinPruebita,PRBT,scam
0x00059ae69c1622a7542edc15e8d17b060fe307b6,AmonD,AMON,scam
0x0020c438f90e635ea0f3d05ba30db61c6812e256,Tomi Token,TOMI,truthworthy
0x00281dfce4cfd72c0b6fda2aaaf077258743f9e8,NuriFootball,NRFB,scam
0x011c5c4e4a86fc95a7a6d5c49a69cdf0cb1d0467,HK Coin,HKC,scam
0x0157da8f5833d11c9a95a026d99e2b7cbc11880d,Flix,FLIX,truthworthy
0x01648699819e28f6d57f1a89b5ac1a1c127c6c8f,AUTOBICO,ABCO,scam
0x0198f46f520f33cd4329bd4be380a25a90536cd5,PlayChip,PLA,scam
0x0213a47b7acd014e3927bf4120a0dbaa3fd50734,Kurae Inu,KURAE,scam
0x0254550b3fe2d8f0ee385064c1c2760874e8f042,Lunacian Scholarship Guild,LSG,scam
0x02f2d4a04e6e01ace88bd2cd632875543b2ef577,PKG Token,PKG,truthworthy
0x02f61fd266da6e8b102d4121f5ce7b992640cf98,LikeCoin,LIKE,truthworthy
0x031e0c6a7c91df1bc171d33cccc6988fd2ddeb6f,TopCoinFX,TCFX,scam
0x03223c647554cf4dd77785e4daaa05fe35622817,FAMFUNToken,FAFU,scam
0x03360fdaa298011b2cef40340b93ad89e1866085,XUSD BLOCK CHAIN HOLDINGS,XUSD,truthworthy
0x03a36bf5bf2ba10420f46aa198a252806a632d7e,CarlCoin,CC,scam
0x03ab3a2f0125ce10d2760a2e1653f475a2ab0608,JonMaurice,JM,scam
0x0407b4c4eaed35ce3c5b852bdfa1640b09eeedf4,BlockWRK,WRK,scam
0x0411b4652f6087d02f633119043e6199841e37eb,Korean Won,KRWT,scam
0x0425e5bf7f52591a04fbe24c454ac004179c4318,ALL BEST ICO,ALLBI,scam
0x0445174b6fa65df016ac975967148d257598ee9f,wahwah,wah,scam
0x047275256b3528463476fdeca97e3806493a61eb,CinDeRella,CDR,truthworthy
0x0488401c3f535193fa8df029d9ffe615a06e74e6,SparkPoint,SRK,truthworthy
0x049cac7a6a4f885dd6da82954d0284078f0e9ae0,Puli Token,PULI,scam
0x04abeda201850ac0124161f037efd70c74ddc74c,NEST,NEST,truthworthy
0x05079687d35b93538cbd59fe5596380cae9054a9,BitSong,BTSG,truthworthy
0x050d94685c6b0477e1fc555888af6e2bb8dfbda5,Inu.,INU,truthworthy
0x0548def8314532602e020d071d5fe8be12b5ac4c,Satoshi Inu,SAINU,scam
0x0557e0d15aec0b9026dd17aa874fdf7d182a2ceb,CFX Quantum,CFXQ,truthworthy
0x056017c55ae7ae32d12aef7c679df83a85ca75ff,Project Wyvern Token,WYV,scam
0x056fd409e1d7a124bd7017459dfea2f387b6d5cd,Gemini dollar,GUSD,truthworthy
0x05aaaa829afa407d83315cded1d45eb16025910c,SP8DE Token,SPX,scam
0x05f5c2f3a4dbcacf36b99b3c9b4ce6ff447dbbfc,STAH Token,STAH,scam
0x063139aa26c2b913177fb97f1952d266b30779e7,PubgCoin,PUBG,truthworthy
0x06432f4030ec9df9f4891b1c6179acd52a423945,Paralink,PARA,scam
0x068cc82c4f60d09ec125be39151d242ec37c3ab0,SET,SET,scam
0x0698dda3c390ff92722f9eed766d8b1727621df9,Ethereum2Proof-of-stake,ETH2POS,scam
0x06b089cbf0403ac2c5f452584f8a18978019b858,Trade Bot Coin,TBC,scam
0x06f65b8cfcb13a9fe37d836fe9708da38ecb29b2,SAINT FAME: Genesis Shirt,FAME,scam
0x0732918b578774a32a36444f54b11e23d129d8fd,MetaLux,METL,truthworthy
0x07597255910a51509ca469568b048f2597e72504,Uptrennd,1UP,scam
0x075c60ee2cd308ff47873b38bd9a0fa5853382c4,DeezNuts,DEEZ,scam
0x0763fdccf1ae541a5961815c0872a8c5bc6de4d7,SUKU,SUKU,truthworthy
0x07be0a3134d50c1ee53eafd399f5b5edb8608513,JINLIN CBD TOKEN,CBD,truthworthy
0x07f9702ce093db82dfdc92c2c6e578d6ea8d5e22,Oobit,OBT,truthworthy
0x0818ea089c657c53eb776ac3348edcf204011a4c,Lood,LOOD,scam
0x081f67afa0ccf8c7b17540767bbe95df2ba8d97f,CoinEx Token,CET,scam
0x08389495d7456e1951ddf7c3a1314a4bfb646d8b,CRPT,CRPT,truthworthy
0x08d32b0da63e2c3bcf8019c9c5d849d7a9d791e6,Dentacoin,٨,scam
0x08d967bb0134f2d07f7cfb6e246680c53927dd30,MATH Token,MATH,truthworthy
0x08e0faff8bb80eaf8c30a99920355028b5bd6789,AURIcoin,RIC,scam
0x0947b0e6d821378805c9598291385ce7c791a6b2,Lendingblock,LND,scam
0x094f00cb5e31ab6164e3cacb654e8d6c2b3b471c,ProSwap,PROS,truthworthy
0x0980470226ee7df9a42caad4ebdb17682eabc4c0,DOG FOOD,DOGF,scam
0x099b26fd4357a35cf6b45358884d9f9b332391d3,Banker's Pound,BANK,scam
0x09ea8999cb652026783190b010c3ceb09e64befd,GM MUSK,GM MUSK,truthworthy
0x09f098b155d561fc9f7bccc97038b7e3d20baf74,ZooDAO,ZOO,scam
0x0a3eb47ccc55cc34d8e11ac713960c164d46d020,Insula Voting Token,ISLAVOTE,scam
0x0a4b2d4b48a63088e0897a3f147ba37f81a27722,CuraDAI,CURA,scam
0x0a509c02129c2c18aee6394a54aec873782642df,BME Group,BMEG,scam
0x0a6a5bb779dd69184d490bdfc47550176196a212,Nova Hope,NHOP,scam
0x0a93d51f7fe462f4335a3779784908bc9dd53661,Net Zero Token,NTZ,scam
0x0a953abf56e80033020ce0f24ef9c47c4e053d61,Bull Coin,BULL,scam
0x0a9f693fce6f00a51a8e0db4351b5a8078b4242e,Resfinex,RES,truthworthy
0x0abdace70d3790235af448c88547603b945604ea,district0x Network Token,DNT,truthworthy
0x0af2d4d6d58e8ebdcde90aea7769f882b10edc53,CALAHEX,CAX,truthworthy
0x0aff88b4cf3015c9c17f1da1fccb88c632f3505e,Quarashi,QUA,scam
0x0affa06e7fbe5bc9a764c979aa66e8256a631f02,Polybius Token,PLBT,truthworthy
0x0b25bfa134ae127b22ce556ecda203b1af336236,Eternal Liquidity Token,ELIT,truthworthy
0x0b9a61648331d3bf850182626db85281b8043126,Rainbow Token,RNBO,scam
0x0bb09f452a424582c393fbd5fe998e98eb550b72,Tether USD,USDT,scam
0x0bb217e40f8a5cb79adf04e1aab60e5abd0dfc1e,SwftCoin,SWFTC,truthworthy
0x0cb8d0b37c7487b11d57f1f33defa2b1d3cfccfe,Dank Token,DANK,scam
0x0cf0ee63788a0849fe5297f3407f701e122cc023,Streamr DATAcoin,DATA,scam
0x0d5c042d161f60117d6b86ed4f9606e3de4f59e9,GCO2 Token,GCO2,scam
0x0d646b5ed090cbd93a29c9b7aa383435a582eda2,OWP,OWP,scam
0x0d8775f648430679a709e98d2b0cb6250d2887ef,Basic Attention Token,BAT,truthworthy
0x0de2fdac925ece64cc344acd6508f71a79209d82,SpaceTube,TUBE,scam
0x0e2ef8aecb3c01ad5d596f1b67134e178199984d,LandBox,LAND,scam
0x0e3046aace9f0d72714a034aecb535d1b62e9503,toebeans,beans,truthworthy
0x0e481ccbe532c040559725cd2367ab1f4a51b4c9,Fry,FRY,scam
0x0e70ce72d21f6588b084be77e7237268e3fa19db,DELOREAN,DLN,scam
0x0ed024d39d55e486573ee32e583bc37eb5a6271f,J Chan Dollar,JCD,scam
0x0f12886196e75454b92584731f22614949691b98,Vulpes ferrilata,VFA,truthworthy
0x0f13828dd57f17934c8c7beb3a3d4149fa9b9b7a,Quantum Coin,QTM,scam
0x0f46eba0bafe2739d9f3c43a48bb84bee1f6644f,TRASH,TRSH,scam
0x0f51bb10119727a7e5ea3538074fb341f56b09ad,DAO Maker,DAO,truthworthy
0x0f5d2fb29fb7d3cfee444a200298f468908cc942,Decentraland MANA,MANA,scam
0x0f71b8de197a1c84d31de0f1fa7926c365f052b3,Arcona Distribution Contract,ARCONA,truthworthy
0x0f921777bbbe6f6f8b11b799d0a16e582bf2729a,LCST Token,LCST,scam
0x0fb843d37aa2a99db8d81af9fe2f0a6485c7c002,CPROP,CPROP,truthworthy
0x103c3a209da59d3e7c4a89307e66521e081cfdf0,Genesis Vision Token,GVT,truthworthy
0x103f3c536ee29b45757991f080cc0db71791d4fe,US Mining Farm,USMF,scam
0x107c4504cd79c5d2696ea0030a8dd4e92601b82e,Bloom Token,BLT,truthworthy
0x1085d9b2a319c51564a0f250b6cf64a5d84c2ceb,Pandora,DORA,scam
0x10a34bbe9b3c5ad536ca23d5eefa81ca448e92ff,DSYS,DSYS,scam
0x10aa0249d7389ab10d2fb63c3b7ef073b758110f,SSH Token,SSHU,scam
0x10ad6908cf12da3c3fa8382ac150e23a84a20f39,Tryhard,TRY,scam
0x1122b6a0e00dce0563082b6e2953f3a943855c1f,Centrality Token,CENNZ,truthworthy
0x114f3d4983debcb3aaa9d58b9717f8f00a2efe64,JiCoin,JI,scam
0x115e29615d1c10c8ddf826e4faec64ef6c1e3357,Capital Coin,CPTL,truthworthy
0x115ec79f1de567ec68b7ae7eda501b406626478e,CarryToken,CRE,truthworthy
0x119fc7e1fac933aa3ae902f38c4a9e3f4636844e,Tether USDT,USDT,scam
0x11eef04c884e24d9b7b4760e7476d06ddf797f36,MX Token,MX,truthworthy
0x12565fd1436926beb0fff522d63be551240a4594,GOLD,GOLD,truthworthy
0x12b19d3e2ccc14da04fae33e63652ce469b3f2fd,GRID Token,GRID,truthworthy
0x12b306fa98f4cbb8d4457fdff3a0a0a56f07ccdf,Spectre.ai D-Token,SXDT,scam
0x12c8f391e5f373656fe915ff4414954a509a7fac,VXL DOLLAR,VXLD,truthworthy
0x12ef025c2e1c89e7186864313a34476dfaa0fba8,Designer Token,Designer,scam
0x12fcd6463e66974cf7bbc24ffc4d40d6be458283,Globitex Token,GBX,scam
0x133e7747f1d8e33ed784a536381b5405c78e24e1,AllSpark Coin,CUBE,truthworthy
0x1350fbe8ce27762ec19134bf8fc405a427fe9bf1,Trips,TRIPS,truthworthy
0x13cf9c30a7a1e8d8dc48165e88187fe059198baa,Tomi Token,TOMI,scam
0x1410434b0346f5be678d0fb554e5c7ab620f8f4a,KAN,KAN,scam
0x141d747c237de7bcce3f2ea776e280235e1e06e0,Decentralized.,Dream,truthworthy
0x14449de7937fe1c1207006e92f89dee17bbe418a,MELE,MLC,scam
0x1479085f4c8b0837f9ae0be39907219ee4523957,Principado do Vale do Manantio Token,PVM,scam
0x1492e7db29f5a79f47ea73ed6081f57bc553dec5,AlphaDOGE,ADOGE,scam
0x150b0b96933b75ce27af8b92441f8fb683bf9739,Dragonereum Gold,GOLD,truthworthy
0x1556db57fb3d86746fc4cf3f7a20251bb4e600c0,LLTB,LLTB,scam
0x15964cc23e13141d290da9581213b4b0879ce7d8,Metapia Stable USDtoXEN,XUSD,truthworthy
0x15cf21a9ebdce6871959fb08b8956c9b0a581940,Animal,VEGAN,scam
0x15d5efc09bd81e36110a91ff727d2da53e8d2860,Tether USD,USDT,scam
0x160f85c1e4dfd3b7784e553f431345d0048d8dee,JejanglyCoin,JC,scam
0x16121f4cf3cb8d8060d7c1eb07997895e993fea0,TFB,TFB,truthworthy
0x16558553e4647ca500c3718c56c356edb6f9b11c,Monkey King Token,MKT,scam
0x167074ef05e6d33592aada6efce7b43c37f0292f,"DOGE ",狗狗币,scam
0x16716ba3c7bb30995d22e740f2d64c9e518798f7,bZx Protocol Token,BZRX,scam
0x16bbcbfc872c830be396524a9d92628cf0b0a26c,DWAYNE,DWYN,truthworthy
0x16dd6263e12b04e03e3c2ef0ad294a54f5990901,DDADDADDA,DDA,scam
0x16e4ef61ddf4303e6b5ff30447b3eedbf7473405,Totemo genki desu,Totemo genki desu,scam
0x173c856478a6fa1e64ff27be57cdac01d5e7f4ba,SUNEX,SUNEX,scam
0x174afe7a032b5a33a3270a9f6c30746e25708532,Humanscape,HUM,scam
0x1776e1f26f98b1a5df9cd347953a26dd3cb46671,Numeraire,NMR,truthworthy
0x177d39ac676ed1c67a2b268ad7f1e58826e5b0af,CoinDash Token,CDT,truthworthy
0x178c820f862b14f316509ec36b13123da19a6054,Energy Web Token Bridged,EWTB,truthworthy
0x17a6818349a8341a916251d77fbf028dc6805fc4,Struggle Dao,SEDAO,scam
0x17f0abbbe353f3d2b59deb75af9772a461a2ab63,Matrism Metaverse Token,MMT,scam
0x183e5ac46a7bda5df3b313f27dc71a2625472f05,AUTOBICO,ABCO,scam
0x19062190b1925b5b6689d7073fdfc8c2976ef8cb,BZZ,BZZ,scam
0x19089a71bb1a2a9decc6b80f54d07100085fab61,AiTechnology,AiT,scam
0x19112a9fc42536bf74f4d6269022f8fc2f9b38fb,USIC Token,USI,scam
0x191b358115d6d9b34551129d57c4c35fac87c139,ARTCOIN,ARTC,scam
0x1936aadc5542167fcf01b42dc675fddea11c353c,CHIPS,CHIP,scam
0x1961b3331969ed52770751fc718ef530838b6dee,BitDegree Token,BDG,truthworthy
0x19816294969ec8745a402133bf7c256c02eeabc9,TengoToken,TGO,scam
0x1999ac2b141e6d5c4e27579b30f842078bc620b3,Hyper Orchid Protocol,HOP,truthworthy
0x19c370142b75b6102e58bdf7fb0535af842b40e1,"E21 ",E21,scam
0x19fcf5cb3d277120993c65740def8125b7eb100e,POLYTRADE,PT,scam
0x1a1ef589a6690eff9369ec937a05319dcc19cb60,Shit Coin,SHIT,truthworthy
0x1a3496c18d558bd9c6c8f609e1b129f67ab08163,DEAPCOIN,DEP,scam
0x1a6658f40e51b372e593b7d2144c1402d5cf33e8,PUBLX,PUBLX,scam
0x1aa39bd15dd5dec7827d41f791241c78e76f4c91,prisoner,PRC,scam
0x1acc4285a38aff397b19b155a393a409a1ccf945,mud1,mud1,scam
0x1b6e4b5ad639efd5733f37f7af22fbe86718c5d8,LELE FOOD CHAIN,LELE,scam
0x1b9743f556d65e757c4c650b4555baf354cb8bd3,EthBits ETBS Token,ETBS,scam
0x1beef31946fbbb40b877a72e4ae04a8d1a5cee06,Parachute,PAR,scam
0x1bf3626ef804e1ef8985acf93dad6547419aab90,LameHorse,LHORS,scam
0x1cc47e6f3dcca0b72f92b0cde40ff02ddfb715b4,Fosu,FSU,scam
0x1d2dac9a2582e35463c12cd5fdf175afc7bb4f3a,snax,SNAX,truthworthy
0x1d37986f252d0e349522ea6c3b98cb935495e63e,ChartEx,CHART,truthworthy
0x1d89e635c136e7429069b6551d995c7f764688fb,ChoKInfO Coin ETH Utility Version,CKIO2,scam
0x1d935895275c2b53caba69d71d1412603a6afa03,FORK token,FORK,truthworthy
0x1d96fd43ee07aa79f8fd003cbdf404fb5ce41ad2,Qawalla Token,QWLA,scam
0x1db232f7be250d7f3204ffd9e43911e94f615da9,$WHACKD TOKEN,WHACKD,scam
0x1db42ceba6bdebf86d287e11b159ff97b083b8af,Gramatik,GRMTK,truthworthy
0x1e512d91187767d52bc07bbe90964bfe62abb389,Pornhub,PORNH,scam
0x1e7b0a0975d67226510eafefc2302a741a1f3681,Kuramachan,KCN,scam
0x1e8fd89fa547c7f154e572ed634a735da31dd46a,Space X,SPCX,truthworthy
0x1ee2e5e5f9fb12a0381d4b94ea8c64c6e7ee8f1b,Solidity token,STK,scam
0x1f051d2fd265899b8dece589b20f0cb0a5ab509d,SMILE DOGE,SMILEDOGE,truthworthy
0x1f10822c753a1f587923d9916e64738ee7c27419,Grapheneum,GPH,scam
0x1f19f83fc9a25f3c861260143e36c17706257986,DAO Invest,VEST,truthworthy
0x1f573d6fb3f13d689ff844b4ce37794d79a7ff1c,Bancor Network Token,BNT,truthworthy
0x1f81f8f262714cc932141c7c79495b481ef27258,Fraktal,FRAK,truthworthy
0x1fa646d1f65ac6afb600488effc9f6e03e4e94dc,HONU,Honey Inu,scam
0x1fee5588cb1de19c70b6ad5399152d8c643fae7b,PhunToken,PHTK,scam
0x2001f2a0cf801ecfda622f6c28fb6e10d803d969,CoinLoan,CLT,scam
0x20bc390ca7f67e26ec8ecd4d83f4f925d580049c,Deia,DEIA,scam
0x210c203e8f05be72b69624fe08b9a5530d51ee36,The First Coin,TFC,scam
0x21141638b5f81002b17816d699b066d3aeb51129,FuckIng Coin,FIC,truthworthy
0x212dd60d4bf0da8372fe8116474602d429e5735f,Stobox Token,STBU,truthworthy
0x21686f8ce003a95c99acd297e302faacf742f7d4,"Conceal - Wrapped CCX ",wCCX,scam
0x21b600acddc4b3bb10bed287d212540e98a6ddbe,USD Tether,USDT-ERC20,scam
0x21d5a14e625d767ce6b7a167491c2d18e0785fda,Jinbi Token,JNB,scam
0x222efe83d8cc48e422419d65cf82d410a276499b,SuccessLife,SXL,scam
0x224fef63d55c235033595cb23f259da8397a286b,Dogefather,DOGEFATHER,truthworthy
0x2259133b1aa6b7f0b101559bf76091f383141b69,X-power,XPO,truthworthy
0x2260fac5e5542a773aa44fbcfedf7c193bc2c599,Wrapped BTC,WBTC,truthworthy
0x226bb599a12c826476e3a771454697ea52e9e220,Propy,PRO,truthworthy
0x22b3faaa8df978f6bafe18aade18dc2e3dfa0e0c,Bamboo,BAM,scam
0x23352036e911a22cfc692b5e2e196692658aded9,Friendz Coin,FDZ,truthworthy
0x23d80c4ee8fb55d4183dd9329296e176dc7464e1,Donut,DONUT,scam
0x243cacb4d5ff6814ad668c3e225246efa886ad5a,Shina Inu,SHI,truthworthy
0x24da31e7bb182cb2cabfef1d88db19c2ae1f5572,SHIKOKU INU,SHIK,truthworthy
0x255aa6df07540cb5d3d297f0d0d4d84cb52bc8e6,Raiden Token,RDN,truthworthy
0x268b7976e94e84a48bf8b2b57ba34b59ed836a74,AICoin,XAI,truthworthy
0x26a604dffe3ddab3bee816097f81d3c4a2a4cf97,CorionX utility token,CORX,scam
0x26ce25148832c04f3d7f26f32478a9fe55197166,DEXTools,DEXT,truthworthy
0x26d97f74d55e001126245d6b1647418cd4b9dc72,InvestCoin,ILC,scam
0x26db5439f651caf491a87d48799da81f191bdb6b,CashBetCoin,CBC,scam
0x26e75307fc0c021472feb8f727839531f112f317,Crypto20,C20,truthworthy
0x27054b13b1b798b345b591a4d22e6562d47ea75a,AirSwap Token,AST,truthworthy
0x2781246fe707bb15cee3e5ea354e2154a2877b16,ELYSIA,EL,scam
0x27bed7ca2ffc3200a2db107e19090dc6d26d833a,Fake Money Finance,FAKE,truthworthy
0x27c70cd1946795b66be9d954418546998b546634,DOGE KILLER,LEASH,scam
0x27fbdd15fb0820b50b9c3683ea628bb6ab9b2d70,Basic Attention Token,BAT,scam
0x27fef310f0f7275203835b18f180f7797ba7c77c,4U COIN,4UC,scam
0x28213bf1d1fa69fa85e63d39b8d2320417393661,Magic Carpet,ALADDIN,scam
0x286bda1413a2df81731d4930ce2f862a35a609fe,WaBi,WaBi,truthworthy
0x2883ab4d70cb5d05eefa41caff4fb24e6d7b5f14,Panda Token,PAND,scam
0x2958d0054019c49eda64e2579ac9524a1006f2fb,KURONEKO TOKEN,KONET,scam
0x297e4e5e59ad72b1b0a2fd446929e76117be0e0a,ValorToken,VALOR,truthworthy
0x299209fa44d48863c84125bbae12676ed6ce8e97,Spacepi Token,SpacePi,truthworthy
0x2a84693fcfd236b9e0e18b444e76254c8d921fad,DigitalDeutscheMark,DDM,scam
0x2a9620fee9ac02492c2b9bc5572be895dc46c088,MiniDoge Coin,MDOGE,scam
0x2ab6bb8408ca3199b8fa6c92d5b455f820af03c4,TE-FOOD/TustChain,TONE,truthworthy
0x2abb9d00db52510500c8ac4c426c9029894472c5,Apple Token,AAPL,scam
0x2af5d2ad76741191d15dfe7bf6ac92d4bd912ca3,Bitfinex LEO Token,LEO,truthworthy
0x2b176bec3d4f8fa75eef976fecfb11678badd8ac,Social Tipping Coin,STP,truthworthy
0x2b36968bf3c77253266aa382562fa3fdd7fa1667,MedicayunLink,MCL,scam
0x2b7e287d5f87cc25b6bb3d01d47c3e6725a8b19b,The Bored Hamstor Yacht Club,BHAM,scam
0x2bb8e7d2132e1149860d1ac1095a1bc676d2abf2,Kuru Matapako,KURU,scam
0x2bd6e9e01f87c72506ede63bbdba70cfba0dd99d,OVToken,OV,scam
0x2bdc0d42996017fce214b21607a515da41a9e0c5,SkinCoin,SKIN,scam
0x2bf91c18cd4ae9c2f2858ef9fe518180f7b5096d,KIWI Token,KIWI,truthworthy
0x2c2ad243e228405a0331c946c655b2ae6c9cf457,REVI Gold,GLD,scam
0x2c9023bbc572ff8dc1228c7858a280046ea8c9e5,VideoCoin,VID,scam
0x2c974b2d0ba1716e644c1fc59982a89ddd2ff724,Vibe,VIB,truthworthy
0x2cb84df2b7d1b4bd66f523fc43c0bf79edbf66c7,Cheddar Coin,CHDR,scam
0x2ccbff3a042c68716ed2a2cb0c544a9f1d1935e1,DMarket Token,DMT,truthworthy
0x2cd3965fb18831030bf325f0ba0ff827113b94d2,股粒优权益证明-GuLiYou Token,SGLU,truthworthy
0x2dbd330bc9b7f3a822a9173ab52172bdddcace2a,YFED.FINANCE,YFED,scam
0x2dcd837f43f44a9d42e44055fd04ba96887d6464,Space Crowns,SMC,scam
0x2dd1b9410c73e16b60240e529e38e30425f00d4e,Kay Pacha,Pacha,truthworthy
0x2e071d2966aa7d8decb1005885ba1977d6038a65,DICE,ROL,truthworthy
0x2e2f3246b6c65ccc4239c9ee556ec143a7e5de2c,yfi.mobi,YFIM,truthworthy
0x2e9dc214772632b4a01585728f7a8e26cfe28b42,InuToken,InuT,truthworthy
0x2ec95b8eda549b79a1248335a39d299d00ed314c,Fatcoin,FAT,scam
0x2ef5133dfc6d93ca21b2450b85b66235f518f36a,Meme Token,MEME,scam
0x2f141ce366a2462f02cea3d12cf93e4dca49e4fd,Free Coin,FREE,truthworthy
0x2f8982a409944ae97d63ba12c88185c8d7755ede,UNIDOGE,UDOGE,truthworthy
0x2f9678085acf1897f63a102e9f7cb835609158d1,Vitalik Buterin,VB,truthworthy
0x2feb105fbb4c922597b125c56822b3db7351b55d,ABSTRACT,ABST,truthworthy
0x300c1fedab951d44681851b8c613293a2d00801e,LOX SOCIETY,LOX,scam
0x301c755ba0fca00b1923768fffb3df7f4e63af31,Global Digital Content,GDC,scam
0x30211f7de9bf35334c7f61545e8ed09bf9d9cc15,Aevolve,AVEX,scam
0x302bc8808932cc070c73848336249c84b9e3b2b9,VERTICALTOKEN,VERT,scam
0x302cc16165b3ae82643ac62a8b77ba48b1f03fe1,Leonardo Da Vinci,LDV,scam
0x307d45afbb7e84f82ef3d251a6bb0f00edf632e4,PLANET,PLA,scam
0x3130dd4efcfd51166934039cb5747707a55f3a5e,GuideAmbassador,GUIDE,scam
0x31e22fef5d23bff875bf2ed17bf384a2e69fc6d7,catcoin,cat,scam
0x31f6ada9faded01895e652e773c14dba5152ee80,COKE,COKE,scam
0x31fdd1c6607f47c14a2821f599211c67ac20fa96,Burency,BUY,scam
0x3209d14ff61766359e64aceff91877cec2ad968e,CouponBay,CUP,scam
0x321bd6fa7696e0e4ba082e454b6e87b6c8372b27,ShibaCoin,SHIBA,truthworthy
0x3231cb76718cdef2155fc47b5286d82e6eda273f,Monerium EUR emoney,EURe,scam
0x3248e2909180ecd3724bb234c4685a49932487ee,emp,EMP,scam
0x3294b364a44f2f75c375fc8d8e2ccc59dd497fe4,TheTokenNetwork,TTN,truthworthy
0x32d74896f05204d1b6ae7b0a3cebd7fc0cd8f9c7,Kcash,KCASH,scam
0x3301ee63fb29f863f2333bd4466acb46cd8323e6,Akita Inu,AKITA,truthworthy
0x339eda16b6498c8d60d65825fb4c520b83f09ad4,Changer,CHG,scam
0x33a32293c93b46ad3d462ff4a3b17c092342cc16,Churro Coin,CHRR,scam
0x340d2bde5eb28c1eed91b2f790723e3b160613b7,BLOCKv Token,VEE,truthworthy
0x3472a5a71965499acd81997a54bba8d852c6e53d,Badger,BADGER,truthworthy
0x3477bd2648a9a41a75899df78fd709cfb2df5da8,Recycle for Life,RFL,scam
0x347a29ea126a746c70e1ead570fddf438e66231a,CurrentCoin,CUR,scam
0x34950ff2b487d9e5282c5ab342d08a2f712eb79f,EFFORCE IEO,WOZX,scam
0x34965f73cfa05bf8d8af37cb4af64fa950605ea8,CoinWind Token,COW,scam
0x34e1d7ad1150dde367467b11d188fbea204fb0a8,Qudi,QDI,scam
0x3506424f91fd33084466f402d5d97f05f8e3b4af,chiliZ,CHZ,truthworthy
0x35923625b851874d84a132361a5f6328684c7d5e,Pegasus Coin,PegaCoin,scam
0x3597bfd533a99c9aa083587b074434e61eb0a258,DENT,DENT,truthworthy
0x35ac488b773dac506ee857895ee9dc34b250f313,Mineral,ORE,scam
0x35cd9da7cf789d1b4bd3d22f5418d082e2a65361,RENUW Coin,RENUW,scam
0x36144bd20bbfacc7f02bf9e4fd18030f2aa31c20,The Node Protocol,THENODE,scam
0x3638c9e50437f00ae53a649697f288ba68888cc1,AshleighCoin,SCHAP,scam
0x3664939b09869949aebd41ed9aa8c6df5c00c879,ScottieDoggieBlackToken,SDBT,truthworthy
0x3667bbbd024f50f3300db8bc6a801b3faea71eed,TradingCoin,TDC,scam
0x366c6893180dc6494b3b9857d0fdd9657cbe79ff,Nyan Money,NYAN,truthworthy
0x3697e7d736383e4a76cafd6d61a65c6dd82bbc55,BenderCoin,BEC,scam
0x36a2e39d7cdcecdb1e214b7f7a305b16b4817e4d,The Foundation Token,LOVE,scam
0x36dcffe069a3f2878fab2a46d81e83d462d0cbf7,Tcbcoin,TCFX,scam
0x3739426e21d912b604c106f852d136ba58f61517,Doggo Inu,DOGGO,truthworthy
0x374931592d465670132bcf14297619b22d8f9015,KOCJCOIN,KOCJ,truthworthy
0x37729282bc2e55b68885400697d1d6011da9924b,ALKANA,ALKA,scam
0x378385c2f2ab9052e38d9cb4025ebf696c17b291,ECTO NETWORK,ECTO,scam
0x37dee95f7dfef87f3d1e307ac1e5f65326098d1d,ZOOcoin,ZOO,scam
0x37f74e99794853777a10ea1dc08a64c86958f06a,D Community,DILI,truthworthy
0x384000b750b485abbb0172f13d282ea965e36745,JimmChewCoin,JCC,truthworthy
0x3883f5e181fccaf8410fa61e12b59bad963fb645,Theta Token,THETA,scam
0x38894302a6eabea6f2b29b508031d2ed75f0be22,Fearless,FEAR,scam
0x38f9a0bb9455812a9876b55e63d2f1eb2eef96a9,PicaArtMoney,PICA,scam
0x39071cc330d0f32bb7b2b3645b10663140b0b04f,TINYCUP INU,TCINU,scam
0x391f4c39eafa2aa5b7be17e0901d48c39c61f4d6,DEFI Liquidity Provider,DLP,scam
0x395dc9a82e3eef962b0355a3d4e6819e9af776d2,CoinCasso Exchange Token,CCX,truthworthy
0x397cc4dfb5528dc31f73f55eb738ad7aa89651a4,HAVICC,HVC,scam
0x398a9630c57775f77bd661474e112b6cf1941d1f,Dogecoin Gold,DOGEG,scam
0x39bb259f66e1c59d5abef88375979b4d20d98022,Wax Token,WAX,truthworthy
0x3a1bda28adb5b0a812a7cf10a1950c920f79bcd3,FLIP Token,FLP,scam
0x3a6700516a46dbeef6768e322d4248a81c580f15,Pass token,PTX,scam
0x3a75731f9e16244de01dd431636db7c07d42a166,Bones,BONES,truthworthy
0x3a810ff7211b40c4fa76205a14efe161615d0385,AI Network,AIN,scam
0x3a8cccb969a61532d1e6005e2ce12c200caece87,TitanSwap,Titan,truthworthy
0x3b14a1dbd6630fc8916bf99611024fa63cda5dbe,Ei8thCoin,E8C,scam
0x3b323b7508984742fb9655a04819069bffb62863,JollyCoin,JLC,scam
0x3b3d667f6510faa6b08f2eac26c46295ba0f3961,Mahdi,MHI,truthworthy
0x3b4b29c4c1872a60d09937686bd2b358db9dee8a,Teacher Coin,TCH,truthworthy
0x3b544e6fcf6c8dce9d8b45a4fdf21c9b02f9fda9,Giftedhands,GHD,scam
0x3b58c52c03ca5eb619eba171091c86c34d603e5f,MCI Coin,MCI,scam
0x3b7b6023c18cce733924b659a09ebb75fefed9be,DEFI USD,DUSD,scam
0x3b829af2657206be158dae6d59171596edabadc6,THE WORLD BANK,BANK,scam
0x3b90df722fc2009525c1159af48d37535cd67342,Dollarydoos,DOO,scam
0x3c719d53e9186e795031bdeab758b4f23a03ebf2,WhenLambo,WHENLAMBO,scam
0x3d166dd13dfdca66879bdd45dc224d07c8855cdb,CreaEther,CETH,scam
0x3d2922dadffaa3d0b749850dc1e5171ade769763,CAWİnu,Caw İnu,scam
0x3d7c5223825cc58bfa07b9484935ad76e1741a2b,Joshua Coin,JSHCN,scam
0x3d875a26d9afcbf4f58c920509c876b594499c87,K-Chain Token,KCT,truthworthy
0x3d9099765389afb5b5c8abf30d47ad0e3e76709f,CatBird,CB,scam
0x3da156479fe7ff13065312f75a236e27a4db70c8,NEV coin,NEV,scam
0x3db6ba6ab6f95efed1a6e794cad492faaabf294d,LTO Network Token,LTO,scam
0x3ea65d64d24fd0ea781b8edb6151c90763379978,3k,3k,scam
0x3f382dbd960e3a9bbceae22651e88158d2791550,Aavegotchi GHST Token,GHST,scam
0x3f5b26b0fa3e9d8547b7cf6725871f96ee91313a,SprinkleCoin,SCOI,truthworthy
0x3fc507101c2cf3c2e7153b7bd6f27ad2200e1721,Untitled,VOID,scam
0x3fd8f39a962efda04956981c31ab89fab5fb8bc8,Rotharium,RTH,scam
0x3fe3359a960ac3f4c45cbce6600077ef7fc76758,Cordyceps Coin,COR,scam
0x3fea51daab1672d3385f6af02980e1462ca0687b,EVO,EVO,scam
0x3ff8134b4dac6bd308738873be532f11fcca42ab,Lemme Smash Token,BECKY,truthworthy
0x4038b296ef1e745472af0956c6bac43c5f19ab96,Baseball Card Trading Token,BBCT,scam
0x4050066080c0585875db7e571cdd5039584e8a62,ogereggs,OGER,scam
0x4057950247e4ec8dc7fe399ec19ea43e80b931c8,DanKoin,DANK,scam
0x4073066353019a939be06abfba3c38a2572a2403,bi Dollars,BI,scam
0x408e41876cccdc0f92210600ef50372656052a38,Republic Token,REN,truthworthy
0x40bb2fa932827cf1ed5aad8f4bbf0446d25a5bdd,Nutritional remedies center,NRC,scam
0x40d2025ed2e89632d3a41d8541df9ed2ac0e2b1c,Connectico,CON,truthworthy
0x410e731c2970dce3add351064acf5ce9e33fdbf0,Onbuff Token,ONIT,truthworthy
0x41104c8d51a80d9e2969dc23256a352de4b0ec33,PLUM(tm):Payment Layer for Unattended Merchandising,PLUM,truthworthy
0x4159862bcf6b4393a80550b1ed03dffa6f90533c,One Hundred Million Inu,OHMI,truthworthy
0x4161725d019690a3e0de50f6be67b07a86a9fae1,TokenPocket Token,TPT,scam
0x41903adceb543edeb573af9babe1e57412546a2f,POORBUCKS,PRBS,truthworthy
0x419c4db4b9e25d6db2ad9691ccb832c8d9fda05e,Dragon,DRGN,truthworthy
0x419d0d8bdd9af5e606ae2232ed285aff190e711b,FunFair,FUN,truthworthy
0x41afc4220b08d1f336eacf231cd8ce5c7e7fb9c9,PISSCOIN,PISS,truthworthy
0x41e5560054824ea6b0732e656e3ad64e20e94e45,Civic,CVC,truthworthy
0x420412e765bfa6d85aaac94b4f7b708c89be2e2b,BRZ,BRZ,scam
0x4206bf44a478607a8e456e2c668763f0175982a3,BumbleBee Coin,BUMB,truthworthy
0x422866a8f0b032c5cf1dfbdef31a20f4509562b0,Adshares Token,ADST,scam
0x426fc8be95573230f6e6bc4af91873f0c67b21b4,BlackPearl Token,BPLC,scam
0x42a501903afaa1086b5975773375c80e363f4063,Cryptyk Tokens,CTK,truthworthy
0x42b1050e6ba748d9acb999d1d14abbdf659456cd,Unity,UNY,scam
0x42d6622dece394b54999fbd73d108123806f6a18,SPANK,SPANK,truthworthy
0x439ce375e3ee4dc203d71958beca3c0f417d65cb,BOI Token,BOI,scam
0x43d2ea8006ff522a514c2f3bbeacf55e1e3a91bc,Existence Token,EXIST,scam
0x43d976e2f5034dfc1d42bee3bb56b4ef62dbc15d,MZAVX1,AVX1,scam
0x43e113c8cc53ec6931e48527d5a9d0065397c8b9,GeoCheo Token,GEO,scam
0x4401b7f94dd9a133055c1a3f3c20e7493c58d1a3,HitCents,HIT,scam
0x441761326490cacf7af299725b6292597ee822c2,UNFI,UNFI,truthworthy
0x4429ad3d60721fe71afe62684ed6492ae4363326,VegasCoin,VEGAS,scam
0x444997b7e7fc830e20089afea3078cd518fcf2a2,EWO Token,EWO,scam
0x446c9033e7516d820cc9a2ce2d0b7328b579406f,Healthcare Administration Token,SOLVE,truthworthy
0x44a15a7c36bd52f62ba1c8ec7959d97b36f5307d,DOGE FAMILY,DOFY,scam
0x451aa8dccb0dc7f4ca2a9fd3655be8e45ba43a85,Dfinity,ICP,scam
0x451dfef4c44b52ad901c2ad39023e16026cde55d,Rhizom,XRZ,scam
0x456c636ca9fd54dbdd66de6c1c0feaf5637ddb7b,CIMTOKEN,CIM,scam
0x460d8674a883b2eb5544ca83ef65ed8595798cc3,Sunak,SNK,truthworthy
0x4619df2ca5795834edda178610b6adb46acf47a9,Sword Coin,SWDC,scam
0x464ebe77c293e473b48cfe96ddcf88fcf7bfdac0,Kryll,KRL,truthworthy
0x4674672bcddda2ea5300f5207e1158185c944bc0,Gem Exchange and Trading,GXT,scam
0x467bccd9d29f223bce8043b84e8c8b282827790f,Telcoin,TEL,truthworthy
0x4691937a7508860f876c9c0a2a617e7d9e945d4b,Wootrade Network,WOO,truthworthy
0x469861bdfd02e7ebce7cdeb281e8eec53069cf5f,Flame,XFL,scam
0x46b38e85986da3bb273554224953d7f04571774e,Black Wall Street,BWS,scam
0x46d886887b6908183032c75dee1b731b26d653c6,GreenCoin,GRC,truthworthy
0x4714f52f138992d3e1e13e9d5680a577ab902273,GAS,GAS,scam
0x4730fb1463a6f1f44aeb45f6c5c422427f37f4d0,The 4th Pillar Token,FOUR,scam
0x475ab148c1fb478ee71431af9030ac72c5a6db4d,CI LOVE,CILOVE,scam
0x47da5456bc2e1ce391b645ce80f2e97192e4976a,Pl^g Token,PLUG,truthworthy
0x47e820df943170b0e31f9e18ecd5bdd67b77ff1f,PIGX,PIGX,truthworthy
0x47eb0e264893a230dfeefd6a5d8a892109eefb56,Party Boy Token,Party,scam
0x484de83cbc88566e9e13eb97f4717a0803809240,ZEFI,ZEFI,truthworthy
0x48612e989c70b4fd6b04633cba9191c6dc42738e,Element Crystal Token,ELC,scam
0x488a1590935be1a7113e636439cd8557e6ddcc55,Gold Mountain Token,GMT,truthworthy
0x4898a6daf1f5919d9f30f37f30786ada94d876f1,StopSoylu,STPS,truthworthy
0x48a3ff4defc244470a4eae56b6ce8c026616dc89,World Peace Coin,WPC,truthworthy
0x48b5d197b63a35943b832bdc7652616e55492d44,myreality,MRT,scam
0x48c8efdbf925a8028abf1d4bacb7baa59ff2948b,FTWCoin,FTW,truthworthy
0x48f07301e9e29c3c38a80ae8d9ae771f224f1054,South African Tether,XZAR,truthworthy
0x48fd4f03e42bd09223bed721424cfd488d157fc7,Vista Inu,VISTA,scam
0x4917a9a03bdf9be520e0b342da8c3c8787237302,wanXRP@ethereum,wanXRP,scam
0x4946fcea7c692606e8908002e55a582af44ac121,FOAM Token,FOAM,truthworthy
0x49a6123356b998ef9478c495e3d162a2f4ec4363,HOLDPLATFORM,HOLD,scam
0x49d09cda1deb8a1680f1270c5ed15218fc4b18f0,OVCODE,OVC,scam
0x49dcd92f701db0fef57c068b31daa4470b051f35,JokesterCoin,JKC,scam
0x4a220e6096b25eadb88358cb44068a3248254675,Quant,QNT,truthworthy
0x4a22a69e45ab29f9f7276b0267797474daf1f27c,SuniToken,SUNI,truthworthy
0x4a338deae94db23b150f27cea1fa91972c6b7813,Presale,SALE,scam
0x4a527d8fc13c5203ab24ba0944f4cb14658d1db6,Morpheus Infrastructure Token,MITx,truthworthy
0x4a6058666cf1057eac3cd3a5a614620547559fc9,BrickblockToken,BBK,scam
0x4aff7f92c77fd0f51fefb03064aa1edb292aaa2e,KING SHIBA INU,KSHIB,scam
0x4b34c0cbeef271f895d339c5f76322d71a60782b,Yearn Finance Management,YeFiM,truthworthy
0x4b5d4ca9da88a41cde2939b23fe540ef7cafe984,BoomBaby,BOOMB,scam
0x4b7265d153886a7dc717e815862acde6ff7b5bc8,DENCHCOIN,DENCH,truthworthy
0x4bcea5e4d0f6ed53cf45e7a28febb2d3621d7438,Modex,MODEX,scam
0x4bd70556ae3f8a6ec6c4080a0c327b24325438f3,Hxro,HXRO,scam
0x4c11249814f11b9346808179cf06e71ac328c1b5,Oraichain Token,ORAI,truthworthy
0x4c6719bf85903d18c295da44216f862b01b36f43,AlloHash,ALH,truthworthy
0x4cc19356f2d37338b9802aa8e8fc58b0373296e7,SelfKey,KEY,truthworthy
0x4cd988afbad37289baaf53c13e98e2bd46aaea8c,KEY,KEY,scam
0x4cef5a02c36253cfb06825ace2a356e78000145f,BOWHEAD TOKEN,AHT,scam
0x4cf488387f035ff08c371515562cba712f9015d4,WePower Token,WPR,truthworthy
0x4d0528598f916fd1d8dc80e5f54a8feedcfd4b18,Atoshi,ATOS,truthworthy
0x4d24d8d75a8ec4a2d4bf2b2aa7f9a3cf27ef5fcf,MV Express Coin,MEC,scam
0x4d63407dca9d24147312b7f5608b3d01d984fc56,"Ethanol Coin ",e85,scam
0x4d7e5eee4873bbebb8071d21fc436022d369d83f,Gold Bull Coin,GBULL,scam
0x4daeb4a06f70f4b1a5c329115731fe4b89c0b227,Quasacoin,QUA,scam
0x4dc3643dbc642b72c158e7f3d2ff232df61cb6ce,Amber Token,AMB,truthworthy
0x4ddc8a469692db9f56080630a175da72af79bd4a,Metapia Stable TokenCNY,MCNY,truthworthy
0x4de493637d0ffaa160982ea01f8e1e4496995d24,Sue MooGoo,SUEMG,scam
0x4df47b4969b2911c966506e3592c41389493953b,FundRequest,FND,scam
0x4e15361fd6b4bb609fa63c81a2be19d873717870,Fantom Token,FTM,truthworthy
0x4e6ee4717ee7e1345b635e124d158ddce30c0c93,Million,MILI,scam
0x4e9a46ea6a22f3894abee2302ad42fd3b69e21e2,Binance Smart Chain Girl,BSCGIRL,scam
0x4f9254c83eb525f9fcf346490bbb3ed28a81c667,CelerToken,CELR,truthworthy
0x4fbb350052bca5417566f188eb2ebce5b19bc964,Rigo Token,GRG,scam
0x50625b636dab619bf6af75f693dc486e56c2a694,Groovy Hooman Token,GHT,scam
0x507096e1c7f6b8632de56a12c74c343fca3651e4,Internet of Everything Coin,IOEC,truthworthy
0x50987e6be405ebac691f8988304562e5efc3b2ea,Mycro Token,MYO,scam
0x509a38b7a1cc0dcd83aa9d06214663d9ec7c7f4a,BlocksquareToken,BST,scam
0x50b2b97d5b088eedb3bec30ccd687bed164d559f,4chan Inu,4CINU,scam
0x50f53ac7cb6897c3319a691f23eb69d9eb3c3980,SRC,SRC,scam
0x51128db20f3b61d298a989a2f12fe7c8a914e834,I-Dex Protocol,IDX,scam
0x5136c98a80811c3f46bdda8b5c4555cfd9f812f0,indaHash Coin,IDH,truthworthy
0x514910771af9ca656af840dff83e8264ecf986ca,ChainLink Token,LINK,truthworthy
0x5183f41477c6ee95f88351d9ec17aa415d3f60ba,Peaceful World,WORLD,scam
0x51db5ad35c671a87207d88fc11d593ac0c8415bd,Moeda Loyalty Points,MDA,truthworthy
0x5322a3556f979ce2180b30e689a9436fddcb1021,yTSLA Finance,yTSLA,scam
0x536381a8628dbcc8c70ac9a30a7258442eab4c92,Pantos Token,PAN,scam
0x537edd52ebcb9f48ff2f8a28c51fcdb9d6a6e0d4,SDOG,SDOG,scam
0x53868ac71297768254883b31aadda7328b70fbe6,100 million dollars dream,100MD,scam
0x539efe69bcdd21a83efd9122571a64cc25e0282b,Ethereum Blue,BLUE,truthworthy
0x54069d65141e5862ddbd5047e4cf98e0aa8f5435,MOONTITZ,TITZ,scam
0x54166f26bd08af3ba6b83c13c51e9a403d92d5ed,DUPREZ Victor Token,EQEX,scam
0x542426b59dc064bb3fd1d16a309fb9c0b3411145,MYBAGS Token,MYBAGS,scam
0x54ce982faaf9283a1c844d8a79e789d6053e138a,HaiCoin,HIC,scam
0x55296f69f40ea6d20e478533c15a6b08b654e758,XY Oracle,XYO,truthworthy
0x552cd48d0119cd4c83fccb46a32c83867afbbf18,CBDCYuan,CBDCY,scam
0x554a2f0a27cb48e381c2740c57e6bf2a6cdab49b,XIVA Technologies,XVT,scam
0x555bcccb6d6ad8d3bf8b2cee5238fb34dfcff6fb,RainStorm,STORM,scam
0x55648de19836338549130b1af587f16bea46f66b,Pebbles,PBL,truthworthy
0x55652ce84d686177c8946e8c78078c0d6cfa4b30,AQUANITE,AQN,scam
0x558ec3152e2eb2174905cd19aea4e34a23de9ad6,Bread Token,BRD,truthworthy
0x56015bbe3c01fe05bc30a8a9a9fd9a88917e7db3,Cat Token,CAT,truthworthy
0x565ac8639e53a4bff4afb34ac63a49d7bf01500e,XPAY Pro Token,XPAYPro,truthworthy
0x5684e0bb4798fe5bbe6e0a26254567863fba223b,AlphaGem,Agem,scam
0x56860dbf9437c7109e1b3f66c00c68d33ee12a50,nomad Coin,nomad,truthworthy
0x56a1d76d60a6eaaf870491a6bce82cd61d63facd,PakBeanToken,PKB,scam
0x56b4f8c39e07d4d5d91692acf9d0f6d4d3493763,Trism,TRISM,scam
0x56cfceb849db8bad192ac0fe7c6b1ca922602fba,Papillon,PAPI,scam
0x570c69cae086bd60a8e89d608938a02f201e3cbb,dobuy,DBY,truthworthy
0x572328202d37b031b490f6659d8549e7bd712324,WUXINGBI,WXB,truthworthy
0x5732046a883704404f284ce41ffadd5b007fd668,Bluzelle Token,BLZ,truthworthy
0x573765d4f365a1a2c7891883bc0c9c35c4c6fd16,DARK COIN,DMV,scam
0x574a4292c9d910b0b280f542f1f88c5389df56cf,Mother DNA Share,DNA,scam
0x574f84108a98c575794f75483d801d1d5dc861a5,Robotina token,ROX,truthworthy
0x57ab1ec28d129707052df4df418d58a2d46d5f51,Synth sUSD,sUSD,truthworthy
0x57b3140f522a3ef2f98c046f78e0d03075908591,ePlatinum,ePLAT,scam
0x57c75eccc8557136d32619a191fbcdc88560d711,VeriDocGlobal,VDG,truthworthy
0x57f2872da0405a835bab93d0a8c12d861ea5a995,FuckYouMark,EHH,scam
0x5833dbb0749887174b254ba4a5df747ff523a905,XRUN,XRUN,scam
0x583a9b0bcd3a77ac5940f2b3527cc12fb3545e96,MASK2.0,MASK2.0 Network,scam
0x58959e0c71080434f237bd42d07cd84b74cef438,Tesra AI Supernet,TSR,scam
0x58a3520d738b268c2353ecee518a1ad8e28e4ae5,HEIDI,HDI,scam
0x58b6a8a3302369daec383334672404ee733ab239,Livepeer Token,LPT,scam
0x58c538fc0b4719a3808af2b9d9f5239bf5c01421,Kaudi,KAUDI,scam
0x595832f8fc6bf59c85c527fec3740a1b7a361269,PowerLedger,POWR,truthworthy
0x5959ee3ab3ac348dd4213df5af78de97f289206c,varcoin,VARC,scam
0x5976b1eed9cc221be127ecad9393fe0a8ea8796a,SWAPNGO,NGO,scam
0x59ecef458521ddea432d9165822e64ffb6ed0264,BBB,BBB,scam
0x5a1a29dbb6ad6153db764568c1289076bc876df6,NeworkCoin,NKC,scam
0x5a1fe06e2a93a6eddac867d98a20905095895684,MunnaMoon,Munna,scam
0x5a241f5925f5b446f82ddc6901d1e563dde8a662,podduang,XPD,scam
0x5a2fc0e03cf45eb1522eaed8e4acd292ee760d5e,MAX Coin,YFIMX,truthworthy
0x5a367fdaaad8a7e910306ecc90a6f9952793ff08,ARDA Coin,ARD,scam
0x5a3a2c9257b9f48927263e639c95e3f2a6e7efb5,DGPE Token,DGPE,scam
0x5a520e593f89c908cd2bc27d928bc75913c55c42,Kondrashov,KON,scam
0x5a98fcbea516cf06857215779fd812ca3bef1b32,Lido DAO Token,LDO,truthworthy
0x5aaefe84e0fb3dd1f0fcff6fa7468124986b91bd,Evedo Token,EVED,truthworthy
0x5ab468e962637e4eecd6660f61b5b4a609e66e13,FutureWorks,FTW,truthworthy
0x5adc961d6ac3f7062d2ea45fefb8d8167d44b190,Dether,DTH,scam
0x5adfbdf9b6db65c71b7f44376549da6798470e1a,Commercial Vitamins Token,VTM,scam
0x5af2be193a6abca9c8817001f45744777db30756,Voyager,VGX,scam
0x5b0c8bd47e07f683db7f48caf126eeff506064a4,Bombala Ground Area,BGA,scam
0x5b14fbc0abe4f5ec0d1eafe8da79adca396d8210,"Digital World Exchange ",DWE,truthworthy
0x5b322514ff727253292637d9054301600c2c81e8,DAD,DAD,scam
0x5b52b324fc10cb43b9eeadaf9bd15afb98867942,Nynja,NYN,scam
0x5b8c023d162ee3661cb9740ec271b8bd261767f3,Bombala Coin,BBLC,scam
0x5bf5f85480848eb92af31e610cd65902bcf22648,Lescovex ISC,LSCX,scam
0x5c523d6abe17e98eaa58c2df62a6ec9162f3b9a1,Blockchain Token 2.0,BCT,truthworthy
0x5c6d2fb8e0f9b3c47905e0aef507dd725b3b28d6,Earthium,EARTH,scam
0x5c872500c00565505f3624ab435c222e558e9ff8,CoTrader,COT,scam
0x5ca381bbfb58f0092df149bd3d243b08b9a8386e,MXCToken,MXC,truthworthy
0x5cb888182fbffdb62c08fb4b5a343914f00fdfee,Moneybrain BiPS,BiPS,scam
0x5cc641397855af375f26ca52c4b22855a3271c6d,Zumusora,ZUMUSORA,scam
0x5cd0cb65110ecad11eb7880024495c4e6dfb5900,Pay Coin,PAY,scam
0x5cd763f24e849e334cc8ed78d0e09970988cf4ad,BlazarBits,BzB,truthworthy
0x5cf04716ba20127f1e2297addcf4b5035000c9eb,NKN,NKN,truthworthy
0x5cf46995a3730ab3f20ff26480d12b1aa76263ee,Shiba Units,UNITS,scam
0x5d211719f70a97f6760de6aaf93b99a3eebbd020,"VENUS INU ",VENINU,scam
0x5d285f735998f36631f678ff41fb56a10a4d0429,MixMarvel Token,MIX,scam
0x5d2d8924a6e509ce3f19477590746bc7181e07fc,Toilet Paper,ROLL,truthworthy
0x5d48f293baed247a2d0189058ba37aa238bd4725,NeuroChain Clausius,NCC,truthworthy
0x5d6977f9202044005e08ee078f5df289d9713f7d,lentoken,LEN,scam
0x5d858bcd53e085920620549214a8b27ce2f04670,POP Network Token,POP,scam
0x5ddab66da218fb05dfeda07f1afc4ea0738ee234,RARE,RARE,truthworthy
0x5e0e7db26759f58c1790c608364ef01482e95f31,BlackCock,BLACK,truthworthy
0x5e3002dff591c5e75bb9dedae268049742e6b13a,TudaToken,TUDA,scam
0x5e3346444010135322268a4630d2ed5f8d09446c,LockChain,LOC,truthworthy
0x5e4334fd53b95df63993c805066d693bb8ce5dfc,CayTreX Token,CTXT,scam
0x5e74c9036fb86bd7ecdcb084a0673efc32ea31cb,Synth sETH,sETH,truthworthy
0x5e8ec04e9bfa10d6f9138dc26f54a2e900305fbe,BlockCheese,BLOCKCHEESE,scam
0x5eeaa2dcb23056f4e8654a349e57ebe5e76b5e6e,Virtue Player Points,VPP,scam
0x5eed5621b92be4473f99bacac77acfa27deb57d9,New York Alt Exchange,NYAX,scam
0x5f2ec9cf1ec1c0e2c880b6584921e812a4225395,Bitcoin Unicorn,BTCUI,truthworthy
0x5f747e595d248fd7d3e5b488dbd5689b3f6314a5,LVMH Coin,LVMH,truthworthy
0x5f886994b7ae0523b6b12e88b0d41e0f0cdab277,TheCoin,TheC,scam
0x5fae10f530f35ae7a2a7cbf4e9d03cc7abf1568e,COVID-19 Care,CoV,scam
0x5fbdb42bb048c685c990a37f2c87fe087c586655,XENON,XEN,truthworthy
0x5fc573e0bd3ec73d0056d06fbdba776dfc3c7fe3,Chowski Coin,CHOW,scam
0x602f65bb8b8098ad804e99db6760fd36208cd967,Mops,MOPS,truthworthy
0x607f4c5bb672230e8672085532f7e901544a7375,iEx.ec Network Token,RLC,truthworthy
0x60a16b9efd33bb45c18833aed45ca66045b3b714,i9X Coin,I9X,truthworthy
0x61107a409fffe1965126aa456af679719695c69c,UmiToken,UMI,truthworthy
0x613d1d9eb0e3c34eb7d70ac1a10e14ac391b9db9,AncestorMoney,MingBi,scam
0x61404d2d3f2100b124d6827d3f2ddf6233cd71c0,Seeds,SEEDS,scam
0x61506ad649370f3034518f96134b5228c4c4c4bb,TheToken,mxb,scam
0x61ceac48136d6782dbd83c09f51e23514d12470a,Subscriptions,Subs,scam
0x61ff1ffd2ac4d442bdbd57d8f069bac0b5d208f8,WhirlwindToken,WWTK,scam
0x6226e00bcac68b0fe55583b90a1d727c14fab77f,MultiVAC,MTV,scam
0x62406995cafd18f57e7375e8e0060725acebce58,Firulais Wallet Token,FIWT,scam
0x626076d3677b6909d3d399dca0df4f7c343f121d,ButtPoop,BUTTPOOP,scam
0x627b9057549ce79ca1de9de5019ee5cfa1eadc86,YACHT.SOCIAL,YSC,scam
0x62d3c05b9c3d916fbc111819bbd3cee52906c1ae,EVERY GAME,EGAME,scam
0x63040e249448c8cd723b1cc1bbb6ab33efea7a22,YVES,YVES,scam
0x6339bd92eaa3cb8e629b06449e08b90581a33cea,INCH TOKEN,INCH,truthworthy
0x63497da812709297809453e628cc49b4bbd09a51,AURA Coin,AURA,truthworthy
0x635695796b682e0c3f28ab4ba24650d976829b3f,Nyan Inu,NYAN,truthworthy
0x6368e1e18c4c419ddfc608a0bed1ccb87b9250fc,Tap,XTP,truthworthy
0x639324941b4044b2d5d6aa23263dc8b3d5b909f0,TOL Tolar,TOL,scam
0x63c554c7f59a90febdc167be41a8cbb64af6d095,SSPT token,SSPT,scam
0x63c867e40ce5c278d153149060ef9b1d8a58c7ff,EthereumInu,EINU,scam
0x63d1b596ff9773f3e1b0dfc2b68cbd962788df61,BitSound,NOISE,scam
0x63da9708a4e9e793472cd5a4090f648f6764ffe3,Elon Walrus,EWAL,truthworthy
0x63de128990bd7de9d0c1c714c98423beeee7bf15,Unify,UF,scam
0x6400b5522f8d448c0803e6245436dd1c81df09ce,CVNToken,CVNT,scam
0x6466165ef085c4b5bc9c978397b128a85d12c184,Goofy Token,goofy,truthworthy
0x6467882316dc6e206feef05fba6deaa69277f155,FAPcoin,FAP,truthworthy
0x64cdf819d3e75ac8ec217b3496d7ce167be42e80,InsurePal token,IPL,scam
0x6524b87960c2d573ae514fd4181777e7842435d4,Benzene,BZN,scam
0x652594082f97392a1703d80985ab575085f34a4e,Silvertoken,SLVT,scam
0x653430560be843c4a3d143d0110e896c2ab8ac0d,Molecular Future,MOF,truthworthy
0x655b0b4f559c33aedd6ef41fc695229cc02d7ec5,DaddyCow,DCM,scam
0x65a8fba02f641a13bb7b01d5e1129b0521004f52,Amasa Token,AMAS,truthworthy
0x65b43d0e49698d6a3f0f52998c135e3b1263340b,KIM Token,KIM,scam
0x65be44c747988fbf606207698c944df4442efe19,Finally Usable Crypto Karma,FUCK,truthworthy
0x662b67d00a13faf93254714dd601f5ed49ef2f51,Orbit Chain,ORC,scam
0x6633dc636f541ca7ccd52b6c277cdb600d27a13c,SploogeMcBucks,SPLOOGE,scam
0x663bf272451ef4c9704e077249ed5b14d990869e,Citizenship Coin,CSC,scam
0x6643c83fc694a685bff17942e15b3b9622a2e75d,CommunityCryptoToken,CCT,scam
0x6652fa201b6bbbc0b5b0ad3f5702b2b9849cc830,MEDCASH,MEDCASH,scam
0x66668757b73deecc5d7241ea8daf39b509de3ae9,OrtaMineFund,OMF,truthworthy
0x667102bd3413bfeaa3dffb48fa8288819e480a88,Tokenize Emblem,TKX,truthworthy
0x66e18ebb46dba4c4d92457cf06464f6d8598e92a,JonMorris,JMS,truthworthy
0x6704b673c70de9bf74c8fba4b4bd748f0e2190e1,UBEX Token,UBEX,scam
0x6710c63432a2de02954fc0f851db07146a6c0312,SyncFab Smart Manufacturing Blockchain,MFG,truthworthy
0x674438000dd81814215918231cb09c3ac3274cc3,SHRUG Token,SHRUG,scam
0x6753795d67ed0b2b65b57fc45c7ac0f53b55f4fe,Restore,REST,truthworthy
0x6781a0f84c7e9e846dcb84a9a5bd49333067b104,ZAP TOKEN,ZAP,truthworthy
0x678e840c640f619e17848045d23072844224dd37,Cratos,CRTS,scam
0x67d27b24b56a1f206f87ca8f6023005559f42e0b,ScottieDoggie,SCTI,truthworthy
0x68023f73727290b34f66abb795ec7730620d9a92,INRT,INRT,scam
0x6810aa0e9d03156a48cc8aead8e6e364d8f53031,Cosmic Adventure Inu,CAINU,scam
0x6810e776880c02933d47db1b9fc05908e5386b96,Gnosis Token,GNO,truthworthy
0x68350d30d9f58c81aaaa41929f1bfc52fff4ea49,Rapidz,RPZX,truthworthy
0x689cf5f8dd09bbb4417514c88909bb64eba2547d,CoopNetwork,COOP,truthworthy
0x68ae0f350e4ea96c2006a110090188b058b33a74,MobiCoin,MBC,scam
0x68b9e9f69acdd49e915c5201c2899619fef3a34a,GOGO,eth,scam
0x694522ef876d096d9e2b3a2027d6251c9214d54f,PlayX Coin,PLX,scam
0x696c0204df332316edf8fbf8c59d4dd8c665af98,Ant Fund Robot,AFR,scam
0x697ef32b4a3f5a4c39de1cb7563f24ca7bfc5947,Insula,ISLA,scam
0x699572e9ffd12d5529dc3883a9f1ebae264aaa9c,World Consumer Preferred Coin,WCPC,scam
0x69990d5f34e0cf24c3b002130eeaf36419ef44d6,American Redneck Company Coin,ARCC,scam
0x69b14e8d3cebfdd8196bfe530954a0c226e5008e,SpacePi Token,SpacePi,truthworthy
0x69cf3091c91eb72db05e45c76e58225177dea742,CoinZoom,ZOOM,scam
0x6a162ec549ae8694f1762e3faaa0d5ff3c707780,MOONEY,MOO,scam
0x6a22e5e94388464181578aa7a6b869e00fe27846,Synth sXAG,sXAG,scam
0x6a2523c3eb9159fe4321ca70c06cbc04b3732a63,TrailerPark,PARK,scam
0x6a3aab575838119adcbe42063bf60bb4f8063f40,nine,nine,truthworthy
0x6a6c2ada3ce053561c2fbc3ee211f23d9b8c520a,TONToken,TON,scam
0x6aa27b3a8aab51745b7eaf53e61aba833b0f9400,Pcore,PCC,truthworthy
0x6acb751002ef6ec4ddd9e85f2ab6195516a62635,PIGI,PIGI,scam
0x6add56eb225d4848d525839fde18b90bbc0e9c7c,Gibby Coin,GIBBY,scam
0x6aeb95f06cda84ca345c2de0f3b7f96923a44f4c,Berry,BERRY,scam
0x6b01c3170ae1efebee1a3159172cb3f7a5ecf9e5,BOOTY,BOOTY,truthworthy
0x6b023c1e3a860050ee3e608357aae86a113b70f9,CryptoCrawlerz,BUGZ,scam
0x6b14a4d7a561b924c76e8a356727a5dccbdfb38f,World Population Coin,WPC,scam
0x6b74dd5d01f8320081247f5cf1f7a48324700db6,UBU,UBU,scam
0x6be61833fc4381990e82d7d4a9f4c9b3f67ea941,Hotbit Token,HTB,truthworthy
0x6c16119b20fa52600230f074b349da3cb861a7e3,Alkemi_Network_DAO_Token,ALK,scam
0x6c1d3b2fd1950b49a85ac99dddc00edaf1c4b031,GMC,GMC,scam
0x6c37bf4f042712c978a73e3fd56d1f5738dd7c43,Elementeum,ELET,scam
0x6c4fc26b79627d8f7bc999ba0582c0514eb4519e,CumToken,CUT,scam
0x6c6ee5e31d828de241282b9606c8e98ea48526e2,HoloToken,HOT,truthworthy
0x6d20d1900ec8d193d38ff7b856adf7d73d29a34f,LPOA Token,LPOA,scam
0x6dbf319440a9ae338e056cbb211aee4a40d344f5,Squid,SQD,scam
0x6e91bf1e0ef43b1c5660e6c813b4ca769c6e02ab,Logoi,LOGI,scam
0x6f259637dcd74c767781e37bc6133cd6a68aa161,HuobiToken,HT,truthworthy
0x6f8b74d00cc83a1d676782b18777023641dd3e3b,ACCA,ACCA,scam
0x6f919d67967a97ea36195a2346d9244e60fe0ddb,Blockcloud,BLOC,truthworthy
0x6fb3e0a217407efff7ca062d46c26e5d60a14d69,IoTeX Network,IOTX,truthworthy
0x6fb45040765ba4a74a20d5ebeb1ddb942d00d943,JVT,JVT,scam
0x6ffbd6b41b802550c57d4661d81a1700a502f2ab,Politicoin,PBLC,scam
0x7025bab2ec90410de37f488d1298204cd4d6b29d,MasterXriba,XRA,truthworthy
0x7047dfa33a46eb597e662969d1fa1e5c717777f4,Pledge Finance,MPLGR,scam
0x706cc5acab044c70a4259c262a535b4dd1aef318,Metapia Stable TokenEUR,MEUR,truthworthy
0x709c405800b407d1acc8de052aa34c10815eb2be,DiGold,DIG,scam
0x70a6395650b47d94a77de4cfedf9629f6922e645,Wrapped Smart Advertising Transaction Token,WSATT,scam
0x70c4949d483166abefb2b4b2be78e338cd8b2c40,Frikandel,FRIKANDEL,scam
0x716af006a584d9bea72db484deb1977daea91933,Change Gold,CGD,scam
0x71aeeee10d63024862acf9b50d6aedc7b2f6e64c,Doge Doodie,DOO,truthworthy
0x721fdf8c0fb7251c12ad65d7fb5b455c25344397,Mondcoin,MDC,truthworthy
0x722f97a435278b7383a1e3c47f41773bebf3232c,UCROWDME,UCM,scam
0x72955ecff76e48f2c8abcce11d54e5734d6f3657,TrustVerse,TRV,scam
0x729c039024849b9e067f230b108313192f42547b,MetaRocket,METAR,scam
0x72a886a86a4a85c26d15b760f1b5b175c3371199," BALLS COIN"," BALLS",scam
0x72dd4b6bd852a3aa172be4d6c5a6dbec588cf131,NAGA Coin,NGC,truthworthy
0x72de803b67b6ab05b61efab2efdcd414d16ebf6d,LedgerScore,LED,scam
0x730dfda4304e53874f915534e0f903afdbfc71b2,PalestineCoin,PLSTN,scam
0x73c2ec5742bba570de12d890797ec19117405e5e,BITSPARK,BPK,scam
0x73c4297464ff5f8585537fb63cee48ee149d4657,Egod Token,Egod,truthworthy
0x73f707b9f38f61a89845e32b1345d8b4cef562c6,FCX,fcx,truthworthy
0x744c9c36d1cc3268a4b9b2e28c60b1752c85e97d,Alluva,ALV,truthworthy
0x744d02182bd74f65356f7c9625ed09d80b786843,MobiDollar,MBR,scam
0x744d70fdbe2ba4cf95131626614a1763df805b9e,Status Network Token,SNT,truthworthy
0x74603e780545d02c4257e7d2be19c74de7be1952,ETG Finance,ETGF,scam
0x7495e5cc8f27e0bd5bd4cb86d17f0d841ca58ee4,Arnoya classic,ARNC,truthworthy
0x75669d26f66b422abe6a3acccd68c72dd08a05ad,GuiYan Metaverse Token,GYT,scam
0x76165106bbcd58c88468c48907a5bc2529a5a68a,Highness Metro Bit,HMB,scam
0x762c2ab674f9615e510e1f792872d85a8935946a,Son Of RYOSİ,sRYOSİ,scam
0x76960dccd5a1fe799f7c29be9f19ceb4627aeb2f,Red Community Token,RED,scam
0x76c315f3b79a77074f657d54c0ef512acf9c0b3a,Conglomerate,COMM,scam
0x77df597306ff8d069f22fd22c664460e49b49bae,Artscoin,ARTS,scam
0x78132543d8e20d2417d8a07d9ae199d458a0d581,Luna Inu,LINU,truthworthy
0x78223d31298107f3e310b09797b07967832046a6,Royal Smart Future Token,RSFT,truthworthy
0x7857bf4486e7d4b91ef4be1d0733dbfd1d5e81df,Tether USDT,USDT,scam
0x7865af71cf0b288b4e7f654f4f7851eb46a2b7f8,Sentivate,SNTVT,truthworthy
0x78689fd6ecd9c168b2ba69ff022ff70302f0bba7,Blocky Doge,BLOCKY,scam
0x788797741e5bc855f74d582f86b7e7db071b4103,Mining Farm Italia,MFI,scam
0x78a52e12c7b63d05c12f9608307587cf654ec3d0,Crypto Village Accelerator,CVA,scam
0x790fffed6e44a5d6beb4ea281658651dba317aa0,RenMinBi,RMB,truthworthy
0x79650799e7899a802cb96c0bc33a6a8d4ce4936c,AIT,AIT,truthworthy
0x79768c810e5a2d5c5a80b666e953c225b55828a1,LGBT+,LGBT,truthworthy
0x798d14e1e0c20edb7c3aa1264cfca96e727341b5,Amazon Token,AMZ,scam
0x7995ab36bb307afa6a683c24a25d90dc1ea83566,HitchainCoin,HIT,scam
0x79c71d3436f39ce382d0f58f1b011d88100b9d91,Xeonbit Token,XNS,truthworthy
0x7a08d797255995dc3dedab1d5de334082f061110,ARTS,ARTS,scam
0x7a51214ba6f14a00e5aa1fb272303877753a98e2,HMH,HMH,scam
0x7a54fae94b6960d9f7316612eec179078e911769,MoviePass,MOVIE,scam
0x7aa885b81cd8bde980df6ecad860336068459895,ART-NANO,ARNO,truthworthy
0x7b0c06043468469967dba22d1af33d77d44056c8,Morpheus.Network,MRPH,truthworthy
0x7bf11f3d63b0e7ea1302b0fc913b0e3bec8e7099,Pomeranian,POMERANIAN,scam
0x7c06289f7a3ca59c9002c88960fbfbcd92fd4f8c,Juneteenth Token,JUNETEENTH,truthworthy
0x7c0dc1b43be1fd24967f5575b95e8a82dbff0412,Gray Ghost Token,GRAY,scam
0x7c5a0ce9267ed19b22f8cae653f198e3e8daf098,SANtiment network token,SAN,truthworthy
0x7c8296107678e23ea7c75321320f5fab0c9f7a76,KMANI Token,KMANI,scam
0x7c84e62859d0715eb77d1b1c4154ecd6abb21bec,Shping Coin,SHPING,scam
0x7c8aac9ea8cbd0325afd2b1b3a81c5574c7794ae,Metapia Stable TokenUSD,MUSD,truthworthy
0x7cad0ed5a0b71c726353a6bad37ba7cfa4ce0e60,ManuCoin,MANU,scam
0x7cc62d8e80be9bea3947f3443ad136f50f75b505,Knekted,KNT,scam
0x7cf74238d48ce383db00a1efff8da99303552cb0,I9Coin,I9C,truthworthy
0x7d0f4ddb2ce96ac1f57b382e0c92baa7f5dc00a0,AI CARDS,$CARD,truthworthy
0x7d157de47c3b6443bf2dc1ac3cb978e4916225f6,Cryptoken,CTN,scam
0x7d1a4afb63e6bb35b636bbe59e0158b353815bf2,Rocket League Fan Token,RL,scam
0x7d204b97ab42cc8152c72424f65210259e9c20dd,DW3 Token,DW3,scam
0x7d29a64504629172a429e64183d6673b9dacbfce,VectorspaceAI,VXV,truthworthy
0x7d4b8cce0591c9044a22ee543533b72e976e36c3,Change COIN,CAG,truthworthy
0x7d91e637589ec3bb54d8213a9e92dc6e8d12da91,FRIENDS WITH BENEFITS,FWB,truthworthy
0x7de4fa8117bae05525c6b6671d26deed0d939a64,OneRing,1RING,scam
0x7e0bbb7a89b51f8e7644a8f08d7a4dd79e32bbb0,BitLectric,BTL,truthworthy
0x7e184e30f311745286c21406123cf5760fd38fc4,AlamoToken,ALMO,scam
0x7e7d1b9af36b1c82ce92651e496aeead7490eaf5,TheYouthPay,TYP,scam
0x7ea9b46c59a3e9ede0aa75a1830aa7e54f00ea25,testcoin,TESTCOIN,scam
0x7ed621d37e30214d5e197454f08b1c5c9558517a,DEVA Token,DEVA,scam
0x7f969c4d388ca0ae39a4fddb1a6f89878ca2fbf8,GGCOIN,GGC,truthworthy
0x801f914bedfc35b87e8bba20e4e86a041c3d93d9,Identity,IDTT,scam
0x809826cceab68c387726af962713b64cb5cb3cca,NucleusVision,nCash,truthworthy
0x809efdbed57b522c4780283bde95be760b30f704,Antler Coin,ANCO,scam
0x80a7e048f37a50500351c204cb407766fa3bae7f,CrypteriumToken,CRPT,scam
0x80b19a8ea4af6be0f9723ace18663f7df304d347,1,ONES,scam
0x8136271ef1d037df1964d5f6c33409e09202d26d,Digital Euro,EURO,scam
0x814e0908b12a99fecf5bc101bb5d0b8b5cdf7d26,Measurable Data Token,MDT,truthworthy
0x818fc6c2ec5986bc6e2cbf00939d90556ab12ce5,Kin,KIN,truthworthy
0x81fde2721f556e402296b2a57e1871637c27d5e8,Crypto Gladiator Shards,CGS,truthworthy
0x8207c1ffc5b6804f6024322ccf34f29c3541ae26,OriginToken,OGN,truthworthy
0x82125afe01819dff1535d0d6276d57045291b6c0,Marcelo,MRL,scam
0x8232875761b97a5242a4cffb94828dff5c101950,ICOVO,OVO,scam
0x825c746615e283b174168949bceee16107b2b7b0,GuiYan Metaverse Token,GYT,scam
0x8281a7f558e5f80642815cb72d2c452fab457c6b,CyberclubCoin,CCC,scam
0x828bb45c9b6bfc9760dcf73b43f3b2cd755ff43e,XR Dev Token,XRD,scam
0x8290333cef9e6d528dd5618fb97a76f268f3edd4,Ankr Network,ANKR,truthworthy
0x82d743932b94d067c915b50c9d52fcc01adf23bb,Kwon Token,KWON,scam
0x82d9bf5fb281e5e68b559a8cb30fbe8283584bae,Milestone,MILE,scam
0x83298b3f53d15c6a36244996e2fd4878dea38374,GMCC,GMCC,scam
0x832c8b1bf8c89f1f827c2bdee2a951530a4e712f,BitCoke Token,COKE,truthworthy
0x83af3d93535ca5b7587ead5d76760a3417561fce,SHIBUYAINU,INU,scam
0x83d7d7315b918bc002376f73fcd07ea0708e44ef,Swee Token,SWEE,scam
0x83e2be8d114f9661221384b3a50d24b96a5653f5,0xcert Protocol Token,ZXC,truthworthy
0x8400d94a5cb0fa0d041a3788e395285d61c9ee5e,UniBright,UBT,truthworthy
0x845b7c35ba44f32fa512e32b4cf7b294104d1c28,Micro SHIBA INU Finance,mSHIB,truthworthy
0x85303c70d0106b4b30332ea97f31a29f8d1d2229,PitBull,PITB,scam
0x8578530205cecbe5db83f7f29ecfeec860c297c2,AOG,AOG,truthworthy
0x859a9c0b44cb7066d956a958b0b82e54c9e44b4b,iEthereum,iETH,truthworthy
0x86020f3742b61bb63b1351b94191762eed89b091,BitProperty,BTP,scam
0x8609c71bb317390d797e44a6cf1d267931228ec2,Bitcoin Volcano,BTCVL,scam
0x865d176351f287fe1b0010805b110d08699c200a,BananaCoin Extended,BCO,scam
0x8681a7b0654c5f58886a050869b47a4902e950bd,EMAN,EMAN,scam
0x8694ee05b45c9fe1058ce532de8dbcf1d84a4154,Treasure Financial Coin,TFC,scam
0x86dd3002bf215082ea43b0bd2fd595ece4341880,VIOToken,VIO,scam
0x86efc496dca70bcfd92d19194290e8457a375773,UBSN,UBSN,scam
0x8713d26637cf49e1b6b4a7ce57106aabc9325343,CNN Token,CNN,scam
0x872411be80f2984af3ad53a23ee7e80c944c3091,Swaap Governance,SAPG,scam
0x8727c112c712c4a03371ac87a74dd6ab104af768,Jetcoin,JET,truthworthy
0x875e66c37785d654d248bb16c09807194ae994c5,BOFA COIN,BOFA,scam
0x8762db106b2c2a0bccb3a80d1ed41273552616e8,Reserve Rights,RSR,truthworthy
0x8765b1a0eb57ca49be7eacd35b24a574d0203656,the metaverse game hub,MGH,scam
0x87bd4d387a2e50953140d019667c05ababd3c692,Spray Finance Token,SPRAY,truthworthy
0x87d73e916d7057945c9bcd8cdd94e42a6f47f776,NFTX,NFTX,truthworthy
0x884ddbb5dc6c2cef77d3e74c6ccca315797d655b,Carnomaly,CARR,scam
0x88c69e3f942cf8e6af57b91452349993254c2b74,DataElf,DATAX,scam
0x88cd0ea6d4b01abb82de1361323f5d4e6fabb80b,FIAT,FIAT,scam
0x88d60255f917e3eb94eae199d827dad837fac4cb,Gastoken.io,GST1,scam
0x892e9d896c3061d997e5c4da5a497bf4a8d29d99,ZCM,ZCM,scam
0x89d24a6b4ccb1b6faa2625fe562bdd9a23260359,Dai Stablecoin v1.0,DAI,truthworthy
0x89f10cead72d1ebf3e08a9378932c6f4f5a4c476,Bruno Skvorc Token,SWADER,scam
0x8a10f3f1da9ffa78581cd44353a1f35713b7d432,Nigerian Ekuke,EKUKE,truthworthy
0x8a732bc91c33c167f868e0af7e6f31e0776d0f71,Litecoin Token,LTK,scam
0x8a7b7b9b2f7d0c63f66171721339705a6188a7d5,EtherDoge,EDOGE,scam
0x8a854288a5976036a725879164ca3e91d30c6a1b,GET,GET,truthworthy
0x8aa9381b2544b48c26f3b850f6e07e2c5161eb3e,Wrapped DOGE,WDOGE,scam
0x8ad755e98d188e13a1d83e40d6f8da049bd9018c,PaisaCoin,PAISA,truthworthy
0x8ae4bf2c33a8e667de34b54938b0ccd03eb8cc06,Patientory,PTOY,truthworthy
0x8af22fbdefe01b4dc7960ec04ec73e8502f4a6b0,Biokkoin,BKKG,truthworthy
0x8b3f538da9fafb2fc33092ed181362bbcb6a4e94,DeTradedModel,DTM,scam
0x8b6be7434fbfe3da0a12ce5dd491cd14c4bf061f,Lunatic Terran,LUNT,scam
0x8c15ef5b4b21951d50e53e4fbda8298ffad25057,Function X,FX,scam
0x8c543aed163909142695f2d2acd0d55791a9edb9,VLX,VLX,scam
0x8c6b67343fdadaea790a19ffbf4de55db40431b4,Neomia,NDA,scam
0x8c7aa408b5b379de2b16c337630cff280e9d8ef3,Readminder,RMBT,scam
0x8cb1d155a5a1d5d667611b7710920fd9d1cd727f,Aircoins,AIRx,truthworthy
0x8ce9137d39326ad0cd6491fb5cc0cba0e089b6a9,Swipe,SXP,truthworthy
0x8d78456d4fe468461f5439b1fdc69b07c694322c,the metaverse credit standard,META,scam
0x8d96b4ab6c741a4c8679ae323a100d74f085ba8f,BAZAARS,BZR,truthworthy
0x8dc6a92aecb2b4adbd65dd2d5c85d82dc9986f36,XEO,XEO,scam
0x8dd4228605e467671941ffb4cae15cf7959c8d9d,Ziticoin,ZITI,scam
0x8dfd6fa19312ad2c4bcfc24189c23c9b4c0c4f2a,BitGoals,STP,truthworthy
0x8e19ee47c7ce607c39f11fcc7bc59a671fe5108f,SALON 77,S77,scam
0x8e1b448ec7adfc7fa35fc2e885678bd323176e34,Egretia,EGT,scam
0x8e30ea2329d95802fd804f4291220b0e2f579812,Decentralized Vulnerability Platform,DVP,scam
0x8e5610ab5e39d26828167640ea29823fe1dd5843,KanadeCoin,KNDC,scam
0x8eb24319393716668d768dcec29356ae9cffe285,SingularityNET Token,AGI,scam
0x8eceb0fd790fa0f38e9e8ffab4958e45e8874f48," WIREOOW FINANCE"," WIR",scam
0x8ecf6ce839e873217c1735fdecf1e01fd935805e,Woahdy,WODE,scam
0x8ed955a2b7d2c3a17a9d05daca95e01818f8c11e,APF Coin,APFC,scam
0x8ef404f3ee013fc862a11ab110a3964dc99ff886,Assets Core Platform Token,ASCOR,scam
0x8f3470a7388c05ee4e7af3d01d8c722b0ff52374,Veritaseum,VERI,truthworthy
0x8f4f0e144783e60971376c8e24ba25d0d54d127b,WHITEPIGEON,WP,scam
0x8f64807a3ae3e6ff00bf1cc39b425e06e12703fb,Pekinese,PEKIN,truthworthy
0x8f8221afbb33998d8584a2b05749ba73c37a938a,Request Token,REQ,truthworthy
0x8fbbc2cabf3be05c35ef5a81dafdc1b7acbb3559,MIKASAM,MKSAM,truthworthy
0x8ff9aa1f807c01b8a9282c3599f2c8198334197a,ARB coin,ARB,truthworthy
0x9014e23f47ec99ded8c0c6342c6ed0aa6cf3fc93,United Ukraine Front,UUF,truthworthy
0x901589e7ce36052b0e1818f779084972e1d07afc,BAB COIN,USDB,truthworthy
0x903dfbc9bac585fedae3c2e327913abfd022e2e0,MAINFINEX,XVX,scam
0x9048c33c7bae0bbe9ad702b17b4453a83900d154,Energy Ledger,ELX,truthworthy
0x909cefdfd59bf690a964bd2569c9443afd7484bc,Bit-Rush,RUSH,scam
0x910dfc18d6ea3d6a7124a6f8b5458f281060fa4c,X8XToken,X8X,truthworthy
0x910f57d52810cf7abd39b19d69c5b69926b3da2b,Green Turtle,GTC,scam
0x914bbb7522a9d5d069a34939db41ca84c0bddebf,Vista Inu,VISTA,scam
0x91f0023e67d99a4b9f9ce6fca83e7ce44362cd77,OLALA,OLI,truthworthy
0x922ac473a3cc241fd3a0049ed14536452d58d73c,VALID,VLD,truthworthy
0x926a2494acba43fcc2442fda80a1cbaf99ed1444,MansaMusa,MUSA,truthworthy
0x92b914f1ddcbb1d117a718e83c9ed7eb32fc44d1,EnkronosToken,ENK,scam
0x92dd20c7da4d004a1a6fc094dc7d0c7169899353,TIMETOFLYTOKEN,TTF,scam
0x92e52a1a235d9a103d970901066ce910aacefd37,UCASH,UCASH,truthworthy
0x92ece48522e1acbcda4aaa8c2fbf2aa9fb15d624,ROCKS,ROCKS,truthworthy
0x9355372396e3f6daf13359b7b607a3374cc638e0,WHALE,WHALE,truthworthy
0x93715112138dd0265a3888eb7458bb7bf3ff7c3e,FartCoin,FART,scam
0x937464f7216c5cc6ba7e225f0ddd23b3e3b2158a,LAONIUBI,LNB,scam
0x93a7174dafd31d13400cd9fa01f4e5b5baa00d39,Shaka,HAK,scam
0x93ed3fbe21207ec2e8f2d3c3de6e058cb73bc04d,Pinakion,PNK,truthworthy
0x940a2db1b7008b6c776d4faaca729d6d4a4aa551,Dusk Network,DUSK,truthworthy
0x9469d013805bffb7d3debe5e7839237e535ec483,Darwinia Network Native Token,RING,truthworthy
0x949bed886c739f1a3273629b3320db0c5024c719,AMIS,AMIS,truthworthy
0x9595c7b236c30e5bf714edacbb944889d8e19b4b,Ocelot,OCEL,truthworthy
0x95ad61b0a150d79219dcf64e1e6cc01f0b64c4ce,SHIBA INU,SHIB,truthworthy
0x95ba34760ac3d7fbe98ee8b2ab33b4f1a6d18878,DeCash,DESH,truthworthy
0x95efd1fe6099f65a7ed524def487483221094947,Crypto Bonus Miles Token,CBM,scam
0x961dd84059505d59f82ce4fb87d3c09bec65301d,TenX Community JAPAN,TXJP,truthworthy
0x9669890e48f330acd88b78d63e1a6b3482652cd9,Bincentive Token,BCNT,scam
0x967ceaa527ceb50b15618f4e44df48106fd9665f,Florins,FLO,scam
0x96c645d3d3706f793ef52c19bbace441900ed47d,MtPelerin Shares,MPS,scam
0x96cc188b32614cd2c3b41a85cd7e8dd41f2d2a21,Art Bits,ART,scam
0x96dd2c778fb281294fa9c1d2b8af3b47369306f2,theovorideA,OvOa,truthworthy
0x96ef7f9cf1b6ecc66e482a6598fc9f009e9277da,Pomi Coin,Pomi,scam
0x970b9bb2c0444f5e81e9d0efb84c8ccdcdcaf84d,Fuse Token,FUSE,truthworthy
0x976287ccb0c0f2b7bc0759c1cbaba3c39571f648,Galaxy Shiba Inu,GSHIB,scam
0x9783b81438c24848f85848f8df31845097341771,DOG COLLAR,COLLAR,scam
0x97a9bac06f90940bce9caec2b880ff17707519e4,Minato,MNTO,scam
0x97e0f15d66aff853283fd22d84d9efbc711d98e7,Niuniubtc,Nnb,scam
0x983dbc75a1d6e6c050ad50c1bdca3554cd48b133,Nyan Money,NYAN,truthworthy
0x983f6d60db79ea8ca4eb9968c6aff8cfa04b3c63,SONM Token,SNM,scam
0x9870b0e212805e2f8a723a71d8c84abf3c963f4b,SAT,SAT,scam
0x987fd7ab5001f31a893b1f6e44c61e02ccc6c47d,IP CRE8,IP,scam
0x98b692408318f7e0a25f8c10cab4628b2259d704,MARS,MARS,scam
0x997080b8ee7d75fba23f3ec794df99da646c87ec,ESTONN,ESTN,truthworthy
0x9992ec3cf6a55b00978cddf2b27bc6882d88d1ec,Polymath,POLY,truthworthy
0x99a5fd9ba2750e3fa7d005c43f4337c00c34c99b,Toss,TOSS,truthworthy
0x99c88211d0b0b17d1d17ed2e6362b028296cef2a,mooning,MOONING,scam
0x99ea4db9ee77acd40b119bd1dc4e33e1c070b80d,Quantstamp Token,QSP,truthworthy
0x9a0242b7a33dacbe40edb927834f96eb39f8fbcb,BAX,BAX,scam
0x9a2e92f57eb9aedf260d091c314a7f52ef0461a1,GELDCoin,GELDC,scam
0x9a4059c1cf329a017e0ee1337c503137fd9463b2,Lucyd,LCD,scam
0x9a52b8633f66c598ddecf759e5091f89160b406f,JL consortium,JL,truthworthy
0x9a9b502821165363595c23576a827589023d462c,DogeKing,DOKE,truthworthy
0x9aab071b4129b083b01cb5a0cb513ce7eca26fa5,HuntToken,HUNT,scam
0x9ab56835e852e02e08fd518a3507365f6e3382e2,Cardano Classic,ADAC,scam
0x9b073d8252f5e600952de2a4e8d81021598ae580,Guillotrise,Guill,scam
0x9b4e2b4b13d125238aa0480dd42b4f6fc71b37cc,MT Token,MT,truthworthy
0x9b53e429b0badd98ef7f01f03702986c516a5715,hybrix hydra,HY,scam
0x9b5c2be869a19e84bdbcb1386dad83a2ec8dae82,Stream Protocol,STPL,scam
0x9b5c38cc2d1ba05ed87c8f8a2418475bacb20073,"Vector Space Biosciences, Inc.",SBIO,truthworthy
0x9b6443b0fb9c241a7fdac375595cea13e6b7807a,Reality Clash Coin,RCC,scam
0x9b9087756eca997c5d595c840263001c9a26646d,DOGEFI,DOGEFI,scam
0x9b9647431632af44be02ddd22477ed94d14aacaa,KOK Coin,KOK,scam
0x9c405acf8688afb61b3197421cdeec1a266c6839,DogeYield,DOGY,scam
0x9c794f933b4dd8b49031a79b0f924d68bef43992,XTRD,XTRD,scam
0x9c9186d087abd4d6861d1a83aadfb24fb6b84300,Queen Elizabeth,QETH,scam
0x9cb1aeafcc8a9406632c5b084246ea72f62d37b6,LBK,LBK,scam
0x9cf140feb1109dd6e5a602c17a7a5aed9a9b1ddc,GREEN,GREEN,truthworthy
0x9cff839eedd353e1b108093c8a35b6325abd67c1,SugiCoin,SUGI,scam
0x9d71ce49ab8a0e6d2a1e7bfb89374c9392fd6804,NvirWorld,Nvir,truthworthy
0x9d830e7d1f6bdefc829718c0102fcd7623092e16,Tiddy Coin,DCUPS,scam
0x9dba8de6817df5f366be80b3acc3dee335789dc7,Metapia Meta Element,MELE,truthworthy
0x9e262b487d5761afabac7ffce2cd3ec83bdb4671,Jetson,JTSN,scam
0x9e46a38f5daabe8683e10793b06749eef7d733d1,Nectar,NCT,truthworthy
0x9e4abe3b0555db06d17337320aed8e2589deae58,SANA,SANA,scam
0x9e6b19874e97fe8e8cad77f2c0ab5e7a693e5dbf,Stronghands Finance,ISHND,scam
0x9e8bfe46f9af27c5ea5c9c72b86d71bb86953a0c,EZDEX,EZX,scam
0x9eade4a9c309df23d353878817cb8458d13d4889,bitgold,BTG,scam
0x9f22a13204c09e0f89144b63da0588a836c07931,Momentum,MMTM,scam
0x9f235d23354857efe6c541db92a9ef1877689bcb,Bolt Token,BOLT,scam
0x9f599410d207f3d2828a8712e5e543ac2e040382,Tapcoin,TTT,scam
0x9f8f72aa9304c8b593d555f12ef6589cc3a579a2,Maker,MKR,truthworthy
0x9fd41229b919545089f338beca0dc501fec496aa,IXI Gold Mine,MINE,scam
0x9fff0b3e75b98ca68cc9ee1db6d9848d78285b2c,Lyall Coin,LYALL,truthworthy
0xa022f304cc728e364fe3739b48272cbafbb6f20e,Orbit,OBT,scam
0xa061b1774d888e571865e19b7cb29df8442fbe9e,TsukaW,TsukaW,scam
0xa0b73e1ff0b80914ab6fe0444e65848c4c34450b,CRO,CRO,truthworthy
0xa0cf46eb152656c7090e769916eb44a138aaa406,Spheroid,SPH,scam
0xa12a00e73e4e7174acc50a1c073e36aa0c9cb305,Swaap,SAP,scam
0xa1454f9c704af96636f3a7532b9a04c411f85680,BallSwap,BSP,truthworthy
0xa150db9b1fa65b44799d4dd949d922c0a33ee606,Digital Reserve Currency,DRC,truthworthy
0xa16001dd47f505b7b7c5639c710a52209e4e8904,Alpha Fund,AVA,scam
0xa1b453fe7aa342aa75536ee7bcb2412f3da1d093,BlackLion,BKL,scam
0xa1ded2076bbeae65a394d89642caec6cad1cb6db,SOSO TOKEN,SOT,scam
0xa20eb9b5c94f60ced6a32d9958f82af141b03991,JOIN,JOIN,scam
0xa24eb247d86fcb1e9a727c1693b83d62553c9929,MC token,MC,scam
0xa26cbb76156090f4b40a1799a220fc4c946afb3c,Young,YNG,scam
0xa31b1767e09f842ecfd4bc471fe44f830e3891aa,ROOBEE,ROOBEE,scam
0xa327310c2c70a2672581725a3cd13a2c84618e55,BetCoin,BET,scam
0xa3d58c4e56fedcae3a7c43a725aee9a71f0ece4e,Metronome,MET,truthworthy
0xa3ee21c306a700e682abcdfe9baa6a08f3820419,Gluwa Creditcoin Vesting Token,G-CRE,scam
0xa3f0b2bee275c87060e7009adaf6b37cfd613876,PureWater,PURE,scam
0xa412ecfcb3b55c5aaeb71ef2276e99375c2cbcfb,Mooneta,MNTX,scam
0xa422f6f2fd2d6c047e3e010374bd1b44c5718f6d,Chihuahua,CHIHUAHUA,scam
0xa45f26130d023bdff18fc05e39424e98955959a1,Wall Street Bets,WSB,truthworthy
0xa48475204881884cd31a199874d410c7936d8b12,Area 51,UFO,scam
0xa4bdb11dc0a2bec88d24a3aa1e6bb17201112ebe,StableUSD,USDS,scam
0xa4bfa1af00440acfc39b5de587a279f108ffba34,Profit Deposit Token,PDET,scam
0xa4c709283c3ced142ae18709c8ada34ca6e0f59e,GRUMPYCAT COIN,GRUMPYCAT,truthworthy
0xa4daae9552cd2390ee1dcdd1a76bc8d0eea22609,www.MARQUISEMUSEUM.com,MARQUISEMUSEUM,scam
0xa4e8c3ec456107ea67d3075bf9e3df3a75823db0,LoomToken,LOOM,truthworthy
0xa4ec83c8907888d006a37debf755ee39766f38ae,Global Currency Unit,GCU,truthworthy
0xa4eed63db85311e22df4473f87ccfc3dadcfa3e3,Rubic,RBC,truthworthy
0xa4f9cec920ca520a7feb2c3a63050e08967bc111,Doom,DOOM,truthworthy
0xa559a766987fcdf42fffef6bfeea37c7a5a62dc5,Epic Fail Guy Coin,EFGC,truthworthy
0xa5996f6b731b349e25d7d5f4dd93a5ce9947841f,GIFTTOKEN,GIFT,scam
0xa5ad8cae66c643294a926190df717674315a8159,AutoBitco,ABCO,scam
0xa5f1dbb0e55bc31f32c6d032bee330288490e722,Day By Day Token,DBD,truthworthy
0xa5fe478c0f56dc9c982563de92b4684f1fc4c654,Feisty Doge NFT,NFD,scam
0xa60bf48f8de6470b9c9d3e1ab78088ce3d89faef,Blobfish Token,BLOB,scam
0xa60d261480dff7d11b653f6d8bfae1b45999f5f0,Wrapped TerraNFT Equity token,WTNFT,scam
0xa665fed1b0c9da00e91ca582f77df36e325048c5,yfarm.finance,YFM,scam
0xa6a5deea66550772d4a2d77ecbe0187451a4f19e,Fraktal,FRAK,truthworthy
0xa6c7776b27082a6c3b326d6fcb42b82d569d7227,SigmaCoin,SIGMA,scam
0xa701122c1b67220a8b6883d03c8ad67896b12466,BroFistCoin,PEW,scam
0xa704fce7b309ec09df16e2f5ab8caf6fe8a4baa9,AgriChain Utility Token,AGRI,scam
0xa7cbf4e059874d7a3ed072296b93caf187415673,KKB,KKB,scam
0xa7f976c360ebbed4465c2855684d1aae5271efa9,TrueFlip,TFL,scam
0xa8006c4ca56f24d6836727d106349320db7fef82,Internxt,INXT,truthworthy
0xa8262eb913fccea4c3f77fc95b8b4043b384cfbb,Krypton,KGC,scam
0xa8324baeae81dab9df5d851aae328a413da133d8,Papillon,PAPI,scam
0xa838be6e4b760e6061d4732d6b9f11bf578f9a76,Token for Television,TTV,truthworthy
0xa849eaae994fb86afa73382e9bd88c2b6b18dc71,Mass Vehicle Ledger Token,MVL,scam
0xa89b5934863447f6e4fc53b315a93e873bda69a3,LuminoCoin,LUM,scam
0xa8c1a9a6a74bfc6c4e1e0ca96a2e41fd2b739c13,Lion Cub,Lic,scam
0xa918897bd10d6dee614470c24a061b78b021b3a9,UCoin,UCoin,scam
0xa91c82b6933105c23298e631a0c1be751d239162,Seed Of The Universe,SOTU,scam
0xa95d14021422ad2635674dbf1e8c52896a07c687,Family,FMY,scam
0xa974c709cfb4566686553a20790685a47aceaa33,Mixin,XIN,scam
0xa9a85d9a4582f8b354b7569b6bc8251348f205ce,LiraCoin,LBP,truthworthy
0xa9d93c36ff1db58bc67013a56cb57aabef862bc4,Black Wall Street,BWS,scam
0xaa19961b6b858d9f18a115f25aa1d98abc1fdba8,LocalCoinSwap Cryptoshare,LCS,truthworthy
0xaa3647bc7ef33c219030b59944c9fe951029cb84,OG Cannabis Coin,OG,scam
0xaa75333feb751de3b203f1d2bd1fcf19cda2a392,Retriever,RETRIEVER,scam
0xaa7a9ca87d3694b5755f213b5d04094b8d0f0a6f,Trace Token,TRAC,truthworthy
0xaa843f65872a25d6e9552ea0b360fb1d5e333124,Eco Value Coin,EVC,scam
0xaa9d4f56676938f913a71e9f179b7104d99e4e69,TKT Token,TKT,truthworthy
0xaaaebe6fe48e54f431b0c390cfaf0b017d09d42d,Celsius,CEL,truthworthy
0xaaf6ce6a366881adc2c3ef29b0c6f7382815ed33,wTwitter Coin,wTWTC,scam
0xab8e67a974762a7679f03dd67d1352dfd019aa1f,CIRN Coin,CIRN,scam
0xabe580e7ee158da464b51ee1a83ac0289622e6be,Offshift,XFT,scam
0xabe89ba71e9cd504c7ee22b018908b76213dc2ab,COFC Cash,COFC,scam
0xac12b4b736c4bd0f4d54ebd4b4419d6bc42273ee,Poly,CPTJ,scam
0xac298353ab790e668986ac9e2d3a9ddfc600ff78,Uqinzen,UQn,truthworthy
0xac3211a5025414af2866ff09c23fc18bc97e79b1,DOVU,DOV,truthworthy
0xacc6c1d817187cd46696a408d1fc78229dd9cfab,CockCoin,COCK,truthworthy
0xace837f596029039e7edd4789f9978259e1c3035,Coin Shop,SHOP,truthworthy
0xacfa209fb73bf3dd5bbfb1101b9bc999c49062a5,Blockchain Certified Data Token,BCDT,truthworthy
0xad32a8e6220741182940c5abf610bde99e737b2d,PieDAO DOUGH v2,DOUGH,truthworthy
0xad5fe5b0b8ec8ff4565204990e4405b2da117d8e,TRONCLASSIC,TRXC,truthworthy
0xadaf873fd2c9a1d1b4a7d918fedb246ad8e2b57c,Cyber DAO,CYBER,scam
0xadfb28426864c0ff169f5dcead2efdd09e0deec9,PAREX,PRX,scam
0xae2fab175d20b7afa56f3bb32500b26dc62bf572,TRIPEDIA,TRIP,scam
0xae353daeed8dcc7a9a12027f7e070c0a50b7b6a4,InnovaMinex,MINX,truthworthy
0xae382e68a3da9a099db071d45bbbc651f77e7916,DIGI COIN,DIGI,scam
0xae697f994fc5ebc000f8e22ebffee04612f98a0d,LGCY Network,LGCY,truthworthy
0xaeaf14ce56b052dfc2a2eb0654136ecf87821fbf,blocsport1,BS1,scam
0xaebbd7b2eb03f84126f6849753b809755d7532f9,CAIZCOIN,CAIZ,scam
0xaec7d1069e3a914a3eb50f0bfb1796751f2ce48a,S4FE,S4F,scam
0xaf1250fa68d7decd34fd75de8742bc03b29bd58e,Invictus Hyperion,IHF,scam
0xaf1bdc26f8b9df6bc7c71f1340ca2e6480964f50,CHaRZMa,CRZMa,scam
0xaf30d2a7e90d7dc361c8c4585e9bb7d2f6f15bc7,FirstBlood Token,1ST,truthworthy
0xaf4dce16da2877f8c9e00544c93b62ac40631f16,Monetha,MTH,truthworthy
0xaf5db2cc35ef9bba3cfa5f8faeedcf9b4e2f286f,Voltium,VLTM,scam
0xaf75d41125da27d0d5ddd8e24fd239ededc52557,Traderscoin,TRADE,scam
0xaf8a215e81faea7c180ce22b72483525121813bd,Engine Token,EGCC,truthworthy
0xb056c38f6b7dc4064367403e26424cd2c60655e1,CEEK,CEEK,scam
0xb0dba4bd6b6c4fc9a1263d8c19a57a6bdd740a52,Eilien,EILN,scam
0xb10aed0df21583f6da7088be623e1ea85cc765fd,WGT,WGT,scam
0xb12907dcd65e09871bbd6f1659436f3be310af65,TXT,TXT,scam
0xb143c66a939d3cf9425a1afea7a424641e5778df,Decicoin,DeIC,scam
0xb19c151ed491e8648a6dc1a994dfeab6baee7cab,ApesPath,AOW,scam
0xb1d5a03d2ff72f7f226372c4b2fa7b50cd9d7910,Fountain,FTN,scam
0xb2089a7069861c8d90c8da3aacab8e9188c0c531,Green,GREEN,scam
0xb2279b6769cfba691416f00609b16244c0cf4b20,Waifu,WAIF,truthworthy
0xb26631c6dda06ad89b93c71400d25692de89c068,Minds,MINDS,scam
0xb3829e5755fafb97396109768895b1026acc003f,Bcoin,BC,scam
0xb3ce281f0dee8c6f7af19b9664109c4030bec3fa,Block18,18C,scam
0xb3d55c16366b57aa0712455b12752bd35aeb120d,REYA INU,REYA,scam
0xb3e9568d8971f950510ed9648b3b57846b1cf300,Giga Chad,CHAD,scam
0xb41fafc4e10c85e06f02f61fbef751b321ba86b7,Russia,RUS,scam
0xb4272071ecadd69d933adcd19ca99fe80664fc08,CryptoFranc,XCHF,scam
0xb4cad0978687458f86c1713ffab24b4dc0410dc0,Tether USD,USDT,scam
0xb4e8c6c79cc44c60ea7e0b9be91fd0b84977f6cb,CloudFi,CLOUDFI,scam
0xb4efd85c19999d84251304bda99e90b92300bd93,Rocket Pool,RPL,truthworthy
0xb5653dce3ae89de4b2b2238026eeb691fb094269,Duende,DUENDE,scam
0xb581e3a7db80fbaa821ab39342e9cbfd2ce33c23,Arcade Token,ARCD,scam
0xb5a4ac5b04e777230ba3381195eff6a60c3934f2,inSure,SURE,truthworthy
0xb5a8f1be0b9bb3e05786672fd300d88f47a32ea8,CLIT,CLIT,scam
0xb5fde360d9d6d4dddf6093a39f725081f9c601ae,Initia,INI,truthworthy
0xb62132e35a6c13ee1ee0f84dc5d40bad8d815206,Nexo,NEXO,truthworthy
0xb63b606ac810a52cca15e44bb630fd42d8d1d83d,Monaco,MCO,truthworthy
0xb64ef51c888972c908cfacf59b47c1afbc0ab8ac,StorjToken,STORJ,truthworthy
0xb66db27fde1b4c413fd9b352c5182eda6da578f0,BREATH,BREATH,scam
0xb67718b98d52318240c52e71a898335da4a28c42,InnovativeBioresearchCoin,INNBC,scam
0xb683d83a532e2cb7dfa5275eed3698436371cc9f,BTU Protocol,BTU,truthworthy
0xb6ed7644c69416d67b522e20bc294a9a9b405b31,0xBitcoin Token,0xBTC,truthworthy
0xb6ee9668771a79be7967ee29a63d4184f8097143,CargoX Token,CXO,truthworthy
0xb6fdd8a5b6069de409288bc30c69c5856dc67ac8,ETHTC,ETHTC,scam
0xb700bb7e57d11273485930f4cf6962652f09b633,Gojira INU,GODINU,scam
0xb7d39fcbda2559a1d91eefc75d0994bbccd47cf3,Tubacoin,TBC,scam
0xb7de92be975ccb27e7352a1d47512acbdb0bac32,Space Mine,MINE,scam
0xb8305439e5de26b4f913a5d9f3cca433f6700047,FarmerAndOne Token,FAO,scam
0xb874921bfc23e4800a72d0108458cb14ccd12601,Precious Metal Capital,PMC,truthworthy
0xb89656b36f8bc6df78a1f38bf80a3d32bf706272,CityCashCoin,CITY,truthworthy
0xb8a58e3fd883b0230f4b47c4319e68cb7bb22339,Futurehead Coin Trust,FHCT,truthworthy
0xb8c77482e45f1f44de1745f52c74426c631bdd52,BNB,BNB,truthworthy
0xb92c8d91172156dfea4ee54845b12ef2bee00c90,GROW DAO Token,GROW,scam
0xb98d4c97425d9908e66e53a6fdf673acca0be986,ArcBlock,ABT,truthworthy
0xb9964c8b9c48800678e72b2fe7b9b365d3d0019d,Smartchem,SMAC,truthworthy
0xb9c1cef91bccda0588aa7308b68387afa4dd4302,TondoCoin,TDC,scam
0xb9eefc4b0d472a44be93970254df4f4016569d27,digitalbits,XDB,truthworthy
0xb9ef770b6a5e12e45983c5d80545258aa38f3b78,0chain,ZCN,truthworthy
0xb9f493b6fb4ab7b9845c844557abae84d98cbe24,CARDSTARTER,CARDS,scam
0xba1180d0127b43e68228fbe929a192c2de43d218,Democratic Tokes,🚀,scam
0xba745513acebcbb977497c569d4f7d340f2a936b,Mainstream For The Underground,MFTU,scam
0xba9d4199fab4f26efe3551d490e3821486f135ba,SwissBorg Token,CHSB,truthworthy
0xbb1f24c0c1554b9990222f036b0aad6ee4caec29,CryptoSoul,SOUL,scam
0xbb1f919e70ecc55335548d76f5c15a9dc8f5808e,BLOCKCERT,BCERT,truthworthy
0xbb2130e36bbbb36588c7750219672e23d8fd51c7,Eric Bobo Fan Token,BOBO,scam
0xbb69acc437555455c75cf39ab353cf2973700230,Louis Vuitton Coin,LVC,scam
0xbba44cc50186569af7b8e1a1fe181612a2d1f49d,Wrapped BTC,WBTC,scam
0xbbc3a290c7d2755b48681c87f25f9d7f480ad42f,Remittance Token,REMCO,scam
0xbc3b86dad4bac451f3884893963749928fb994e5,EVE token,EVE,scam
0xbcc66ed2ab491e9ae7bf8386541fb17421fa9d35,Skull,SKULL,truthworthy
0xbce293078b976fb428357ff105fb7023f5e49928,INU FARM,INUF,truthworthy
0xbd62253c8033f3907c0800780662eab7378a4b96,United States dollar of Galaxy,USDG,scam
0xbd74429c4991b1e9da8e747861447b570f503330,Drakonium,DRAK,truthworthy
0xbd82a3c93b825c1f93202f9dd0a120793e029bad,Space.Cloud.Unit,SCU,scam
0xbdc5bac39dbe132b1e030e898ae3830017d7d969,Snovio,SNOV,truthworthy
0xbdd4f273c2b0f0b84a51bd733aac617d91159376,BMoreToken,BALT,scam
0xbdec45952b5e234eddc2981b43eed360826d5087,Mogu Token,MOGX,truthworthy
0xbe428c3867f05dea2a89fc76a102b544eac7f772,CyberVeinToken,CVT,scam
0xbede4e3b3fadf1b4fe729ab546b7dba5e3c0006d,musk,musk,scam
0xbeeddbf06e8cabba65172c3424990b7c99ca17c2,YouKnowCoin,YKC1,scam
0xbf4a2ddaa16148a9d0fa2093ffac450adb7cd4aa,Ethereum Money,ETHMNY,truthworthy
0xbf52f2ab39e26e0951d2a02b49b7702abe30406a,ODEM Token,ODEM,scam
0xbf63cfc973339da2b21e22e404ca0029a61450a6,PHOENIX,PHX,truthworthy
0xc005204856ee7035a13d8d7cdbbdc13027afff90,MoneySwap,MSWAP,scam
0xc011a73ee8576fb46f5e1c5751ca3b9fe0af2a6f,Synthetix Network Token,SNX,truthworthy
0xc02aaa39b223fe8d0a0e5c4f27ead9083c756cc2,Wrapped Ether,WETH,truthworthy
0xc07a150ecadf2cc352f5586396e344a6b17625eb,BioPassport Coin,BIOT,truthworthy
0xc091507e70f13ee6af6ef35f553af4c6e81e9b5d,ZERO ETH,ZTH,scam
0xc0917d35966a93bd5c9299b4e823899281356ac0,SOLSTARTERIOU,SOSIOU,scam
0xc0c609e345faeabd2263eb56ed74fbb77c02a093,DeFiable Coin,DPC,truthworthy
0xc0e348b6b1c08689d37d894e5fa0f29c740811ca,Australian rabbit,ARB,truthworthy
0xc0e8beb4ed7d0ef0dc6d84214d86d5a56e8f2f24,Orbit Bridge Ethereum MEKONG COIN,oMKC,scam
0xc0f9bd5fa5698b6505f643900ffa515ea5df54a9,Donut,DONUT,scam
0xc10e1c296a3c0d9f9588acc5a440c7d441a596ed,CoinBurp,BURP,scam
0xc12d099be31567add4e4e4d0d45691c3f58f5663,Auctus Token,AUC,truthworthy
0xc169333c7ee1ffd6f56527fa15e2b265e6c69db1,Pixcoin,PIXC,scam
0xc1d204d77861def49b6e769347a883b15ec397ff,PayperEx,PAX,truthworthy
0xc1e94714eed14b0bc8129f1785762830bca74b1f,GetRichNickCoin,GRN,scam
0xc1fc6307bbe9d4a018832ece6b70e428091c3eec,busines,lan,truthworthy
0xc217998dba399bd1dfa354dce6a4e278b4ade2de,ArtsTic,ARTS,scam
0xc237868a9c5729bdf3173dddacaa336a0a5bb6e0,Wrapped Wagerr,WWGR,scam
0xc27abef905f002ff55645e2243d37c280eb397e2,EBTCToken,EBTCT,scam
0xc28e931814725bbeb9e670676fabbcb694fe7df2,QuadrantProtocol,eQUAD,scam
0xc33fbd9b172ff1662fe749bab31a2a4d01bbbeaa,Viblu Studios Token,VIBLU,scam
0xc3761eb917cd790b30dad99f6cc5b4ff93c4f9ea,ERC20,ERC20,truthworthy
0xc380ba4f132976d4f21381cd6ebefb1fe4cacf31,Starbuck,SBUX,scam
0xc382e04099a435439725bb40647e2b32dc136806,Cogecoin,COGE,truthworthy
0xc38f1fb49acdf2f1213caf3319f6eb3ea2cb7527,Bitcoinus Token,BITS,scam
0xc3b2140ac3e95edfea220681eeca127fc81e4929,HaMeBi,HMB,scam
0xc3d204c6a75024c7c365fab2e026614c8f027845,Alice token,ALC,scam
0xc4e8a9d47000ab8e59c7031e311762c68215e467,STARX,STARX,scam
0xc4f6e93aeddc11dc22268488465babcaf09399ac,hi Dollar,HI,scam
0xc4f7bf3afba59211a95511291f766019172ff36e,RedCoin,REC,scam
0xc51a271900d6e7fa0e11e2f4b59f066d40969fe9,Erotore,ERO,truthworthy
0xc5544f605215492d35458b8593d81820397eb1af,Cubit,QBIT,scam
0xc55891e8b246417ac0ff87c292a8f34819b2e29b,SbercoinOne,SONE,scam
0xc582613da93c77371225dcb3d091ff96813ffcb9,WHAT HAPPE SBF,WHS,scam
0xc596bd09d652827b0106292d3e378d5938df4b12,Teleport,TPT,truthworthy
0xc5ad2270e01bca909ded6b1c0edbeec42b74f7fe,STYX,STYX,scam
0xc608342e743ec99b2839aa3bc97f6f78791bd3fb,MemeCalf,MCALF,truthworthy
0xc64500dd7b0f1794807e67802f8abbf5f8ffb054,Locus Chain,LOCUS,scam
0xc6b102411d2f62bb8746589a658fac5d978432d6,Ukraine Donation Fund,UDF,scam
0xc6c46d83a70ddc6273d72ef324acb71289923937,WSB,WSB,truthworthy
0xc6c6224cf32f5b0850ddf740b47cd1ed31abead4,KUPP,KUPP,truthworthy
0xc719d010b63e5bbf2c0551872cd5316ed26acd83,Decentralized Insurance Protocol,DIP,scam
0xc7ff1e126cc81e816915ff48c940ed9d4e6d05d6,Ijas Coin,IJC,truthworthy
0xc82e3db60a52cf7529253b4ec688f631aad9e7c2,ARC,ARC,scam
0xc86be31e05766fb4f6046d029d5ee5f0936a7b95,APEC Coin,APEC,scam
0xc86d054809623432210c107af2e3f619dcfbf652,SENTINEL PROTOCOL,UPP,scam
0xc8705424948e97e6db98022ba81bca5164660c82,Kogi Inu Token,KOGI,scam
0xc8807f0f5ba3fa45ffbdc66928d71c5289249014,Ispolink Token,ISP,truthworthy
0xc8c75b5188942cb1f07b058724a3ac719ef5994e,LEB,LEB,truthworthy
0xc8d07671afba9492da95819de4ad10859e00ab7f,CryptoCoinPay,CCP,scam
0xc8fbf8a9a443ba7fcac9b78cf8ae3ec5847ab55e,Websoft365.com Token,WS365,scam
0xc969e16e63ff31ad4bcac3095c616644e6912d79,SEED,SEED,truthworthy
0xc9f9366edd3bd6112f6e84260ba2d14def183ac7,ECO ENERGY,ENG,scam
0xca0e7269600d353f70b14ad118a49575455c0f2f,AMLT,AMLT,scam
0xca47bc04ecfcd324b238ed411741efb65b3c777b,ECOIN NETWORK,ECN,scam
0xca5ca4eaf1741767de8c736ab3e09e6f8e61a8f6,Dixie Bit,DIXI,scam
0xcab8f1c06a5305823c6ef223a4e79970d20507c8,MARKtoTHEMOON coin,MTMC,truthworthy
0xcb53f9540b28bd1c9361d5bd58ee2bb5ac9ca867,CAR BUDDY COIN,CBC,truthworthy
0xcb659069179962fe404ba281962be6ef74c747dc,Cats,Cats,scam
0xcb86c6a22cb56b6cf40cafedb06ba0df188a416e,inSure,SURE,truthworthy
0xcbcc0f036ed4788f63fc0fee32873d6a7487b908,Humaniq,HMQ,truthworthy
0xcc394f10545aeef24483d2347b32a34a44f20e6f,Vault Guardian Token,VGT,scam
0xcc6bab319eb4c18537963fade173a6917d17d0e6,FXCM Chain,FXCM,truthworthy
0xcc80c051057b774cd75067dc48f8987c4eb97a5e,Ethfinex Nectar Token,NEC,truthworthy
0xcc833108b1e41b7c578dd1ce7eba4c9da55fc762,知乎币,ZHB,scam
0xce0cd513a069e8ec9cb625fcdf6d5f29aa912dbc,MMS,MMS,scam
0xce5860c82d49037efdfe300c7488263298a93501,RickRoll,ROLL,scam
0xce609c96c5a8a547084102fbcd7b89d2d3efb1b3,Nadir Token,DIR,truthworthy
0xce658d15775279d35ac55fdf2c52590d178cc222,NIUBI ONE,NIUB,scam
0xce703f1e5beb125590b75e7b83fc583a0180ea30,TelomereCoin,DTXY,scam
0xce7080a5506b3383ae4be2e2b638e3667562e26b,BITERIS,BTSX,scam
0xce8808fd33acac2ef694a2068807d13103051fa4,JUSTICE,JUSTICE,scam
0xce90d1d98b5ca16b79c7eedada2454c2564da59e,Tomcat Coin,TOMC,scam
0xcead7ca91d27637d3d4ceb43a58656510c8a37be,mrcgp,mrcgp,scam
0xcf1c168450314d67892527108e577b5d9cb1663f,EUR Luxembourg,EURLU,scam
0xcf8335727b776d190f9d15a54e6b9b9348439eee,Whackd,WHACKD,truthworthy
0xcfcd43d7ee21416a71c2eb9888587d52716fc77a,HashRush,RUSH,scam
0xcffb14c931fac3a842344791f6395903b9bfbb3c,TRUMP COIN,DJT,scam
0xd01409314acb3b245cea9500ece3f6fd4d70ea30,LTO Network Token,LTO,scam
0xd043f70ff0634167db1149b15e5668f5be52d72c,BigCash,BGC,truthworthy
0xd07d9fe2d2cc067015e2b4917d24933804f42cfa,Tolar Token,TOL,truthworthy
0xd0cd466b34a24fcb2f87676278af2005ca8a78c4,Popcorn,POP,scam
0xd0d6d6c5fe4a677d343cc433536bb717bae167dd,AdToken,ADT,truthworthy
0xd101dcc414f310268c37eeb4cd376ccfa507f571,ResearchCoin,RSC,scam
0xd14596a32bda9acbcc7bdc708e331552ce77fad9,TezlaX,TZX,truthworthy
0xd1c2b75a500f42f32ff9d35dd6a007f71615a330,Crowd Finance,CFC,truthworthy
0xd1cdb25428bf06f52bfe3af777c9b1e848f08a37,IAMACOIN,IAMA,scam
0xd1d787906e36702f5e8b1a4195a27997f763c6f0,HARAMBUCKS,MONKE,scam
0xd1f27e2a32e36ea5012d34178ca452ace284bc03,Artera Token,ARTERA,scam
0xd26018164e49096e7a24b5275dcafa3ecf12ba4c,Orbit Bridge Ethereum Klay,oKLAY,scam
0xd26114cd6ee289accf82350c8d8487fedb8a0c07,OMGToken,OMG,truthworthy
0xd291ee6a0a1c39699b3b5f8b3c2241e717bd18aa,SAS,SAS,scam
0xd2b5944437bf735656245da8feb94152e0570640,ACCOIN TOKEN,ACCOIN,scam
0xd2d6158683aee4cc838067727209a0aaf4359de3,Bounty0x Token,BNTY,scam
0xd2db44e1ed7446211a140ecd98b7c292986b4767,Yoroshii,Yoroshii,scam
0xd2ea44f40321b138a3b35bd0514a48a2e6573e8f,Floki coin | t.me/Flokicoin,flokicoin,scam
0xd31695a1d35e489252ce57b129fd4b1b05e6acac,TOKPIE,TKP,truthworthy
0xd33d065318b91574d6a1d2214f72dde7a3d67c2a,Iris token,IRIS,scam
0xd35bf17fbd0997068e559246af46eea9c865bc34,cesar,RCR,scam
0xd35c06a2781f648c75290976ecf71e71582188b7,Quarashi,QUA,scam
0xd3fa5bf414919f9dc5e24f375c62c1d5108e33da,EDCC,EDCC,scam
0xd43ddfc19e5d72442c38ebb7eb302e423c5cd262,ZeroToHeroBot,ZTHB,scam
0xd450060c49ad1dd090f2a198be300e4e7b235f14,Tesla Inc.,TESLA,scam
0xd4584091ba7277d6c091d5d6729caa41fab7e108,WORLD CUP META APE,WCMA,scam
0xd4a9f6676c4a0cd4bacf28187c47904648496c03,KohinoorDiamond,KIND,truthworthy
0xd4c435f5b09f855c3317c8524cb1f586e42795fa,Cindicator Token,CND,truthworthy
0xd4ca5c2aff1eefb0bea9e9eab16f88db2990c183,XRP CLASSIC,XRPC,scam
0xd4fa1460f537bb9085d22c7bccb5dd450ef28e3a,Populous Platform,PPT,truthworthy
0xd54614454f4d6c6c4eb171cc61230280f5073cec,SQUEEEEPS,SQUE,scam
0xd5501f776e81ef6e59b0bbe6ebd96b392cca26e8,REALCEOTOKEN,CEO,scam
0xd558ae1a74955035a030bb9c145412a101f23f3c,Bet in Fight Coin,BIFc,scam
0xd559f20296ff4895da39b5bd9add54b442596a61,FintruX Network,FTX,truthworthy
0xd579fc287374f0a3288e30ef396045c0c142410f,PlayCoin,PLY,scam
0xd58eec1616e9e9aa4a16069b3966b1670f77495f,7GOLD,ITE,scam
0xd5a7d515fb8b3337acb9b053743e0bc18f50c855,Buccaneer V2,BUCC,scam
0xd6632d3c3fc7d1a9c482270a8acfb7c3a09524cd,Metapia Meta Ethereum,METH,truthworthy
0xd667f681085818f1c2edec610c769552ed9198dc,Saudi,New Meta,scam
0xd69690ba7acfc62e5204caf1e1db5e7ddc83e45f,"Bitcoin ATM Pros ",BAP,scam
0xd7019c4a51956eb176e8dc9fb8b5368d0b1122f4,CasolCoin,CSL,scam
0xd71ecff9342a5ced620049e616c5035f1db98620,Synth sEUR,sEUR,truthworthy
0xd71f8aff8f369458d7f7edb75d376812309fb0fe,PewDiePie Token,PEWDS,scam
0xd7405c5cb540dc69dd8ec9eb21d814c2fec8a1b3,Tether USDT,USDT,scam
0xd780ae2bf04cd96e577d3d014762f831d97129d0,Envion,EVN,scam
0xd7d6ab522fa41caae78f6edeb46a14954ae0c772,Chipz,CHPZ,scam
0xd7f5cabdf696d7d1bf384d7688926a4bdb092c67,Dream Car,DRC,scam
0xd81095451e0f2ac5a1cdb674151e3e77d90c2fba,MT4talk.com token,MT4talk,truthworthy
0xd85a6ae55a7f33b0ee113c234d2ee308edeaf7fd,Cobak Token,CBK,scam
0xd8912c10681d8b21fd3742244f44658dba12264e,Pluton,PLU,truthworthy
0xd8becd197da72a8c8623a2fb86c826b23ce83fa3,BigTipper,BTIP,scam
0xd8c9528deb8fd9f51bfb5142f8223821220f0e3d,KWDCOIN,XKW,scam
0xd93b88fbc8bc392523a94a086576c73bb8d305b9,Mango Doge,MDOGE,truthworthy
0xd9a8cfe21c232d485065cb62a96866799d4645f7,FingerPrint,FGP,scam
0xd9ac22fb68f8d4eba6dd6e35c76460acfb16fa3b,LeBum Coin,LBM,scam
0xda19f6959c47fd207746808adb04c79e3b358997,Buoystocks,BSBOT,scam
0xda5072610c14cf99084e1127aeac9486e740e62c,Skyme,SKME,truthworthy
0xda5180086461ff6eeb09580181ac160522dcdcd4,BraziliexToken,BRZX,scam
0xda6f3e151596cdc0c504e14932496ab8b2050895,Flower,FLOWER,truthworthy
0xdabc93ae0845478f8ff0970e11d36933d5342748,Santa Claus,CLAUS,scam
0xdac17f958d2ee523a2206206994597c13d831ec7,Tether USD,USDT,truthworthy
0xdb0d954c93cc1d55e133e8eaef6eea812cc7b90d,PENNY,PN,scam
0xdb0f18081b505a7de20b18ac41856bcb4ba86a1a,Poly Ontology Wing Token,pWING,truthworthy
0xdb25f211ab05b1c97d595516f45794528a807ad8,STASIS EURS Token,EURS,truthworthy
0xdb5c3c46e28b53a39c255aa39a411dd64e5fed9c,Neos Credits,NCR,truthworthy
0xdba8e8021fe321af91fc3a08e223ef15908cb2bb,SilverDollar,SLVD,scam
0xdbbdaeac65f83c0772113690136e6eb66ab991c7,AAA,AAA,scam
0xdbdd6f355a37b94e6c7d32fef548e98a280b8df5,UniWhales.io,UWL,scam
0xdbee1ba3664408fb99184c8ab91f79d7d1b68e86,MyPokerCoin,MPC,scam
0xdbf0fac1499a931ed6e5f6122dbbcd3b80f66c7e,RocketFuel,RKFL,scam
0xdbf6fe2df8c07963c99e6f708bcb5f0279750328,Metapia Meta Bitcoin,MBTC,truthworthy
0xdc28c25c345ec21c2af50d42a4fce6e8caeaa514,Cleaner Earth Token,CLEANER,truthworthy
0xdc524e3c6910257744c1f93cf15e9f472b5bd236,Witch Token,WITCH,scam
0xdc5864ede28bd4405aa04d93e05a0531797d9d59,Falcon,FNT,truthworthy
0xdc638a86aebd272fd0175550c4eac2c24606eab9,TEZCA,TEZ,scam
0xdd0ef0b2de3efec847a79b4ce4de52c4bb98f488,F9 DAO,DAO9,scam
0xdd6c68bb32462e01705011a4e2ad1a60740f217f,Hubiits,HBT,scam
0xdd763a7fe010b4a1e93c2296b92424f26b8a3020,test coin,TST,scam
0xdd974d5c2e2928dea5f71b9825b8b646686bd200,Kyber Network Crystal,KNC,truthworthy
0xddb3422497e61e13543bea06989c0789117555c5,COTI Token,COTI,truthworthy
0xdde12a12a6f67156e0da672be05c374e1b0a3e57,JOYSO,JOY,scam
0xde04bbd588bce0b9fa128ade9a080bd8bbe67b6a,Shikokuinu,SHKK,scam
0xde5b6b84b3825d5697df15fab070f9fd0f7df3a6,BlackDiamondSCInc Token,BDSCI,scam
0xde5ea375ffbdc8b25a80fe13d631e8ba0ab4bb02,Gera,GERA,scam
0xdea86cd9c0a92fc79d1381203ba5128dc293861d,SoundCoin,SOUND,scam
0xdebaa67a818c0582e35406a29ee07fe63e93130a,Metal Backed Money,MBMX,scam
0xdebc15d8b858a8d5e74e63a53a813bc113544004,LGMA,NUTZ,scam
0xdef5ac7f333017de75cc9d8f75f46cf678a795a9,ONALBA,ALBA,scam
0xdeff893f6d6fac56a5444527baddfc8d091ec14e,Python Finance,PYF,scam
0xdf2c7238198ad8b389666574f2d8bc411a4b7428,Mainframe Token,MFT,truthworthy
0xdf477d88f1fa46a46872847b48c1d719e9ccb695,MoonToo,MOON,scam
0xdf6dcf1a46679e2f54ec112b7ef4ccff6155240d,LitCoin,LIT,truthworthy
0xdf801468a808a32656d2ed2d2d80b72a129739f4,Somnium Space Cubes,CUBE,truthworthy
0xdf92015e3e52c2d3b54c402ca1b55a7a38c9f3e2,Cloud Intelligence Coin,EZC,scam
0xdfbc9050f5b01df53512dcc39b4f2b2bbacd517a,Jobchain,JOB,scam
0xdfddf7a69716124bc346ba556d4b9f9e74c4a8bc,SUCCESSION,SCCN,scam
0xdfe691f37b6264a90ff507eb359c45d55037951c,Karma,KARMA,truthworthy
0xe082b0ef57864688dc003dc7f8c8896d6f9c7c6d,Orbital EPIC,EPIC,scam
0xe0955f26515d22e347b17669993fcefcc73c3a0a,Stacker Ventures Token,STACK,truthworthy
0xe099de4e18cdd7aadad7a6d6648d80e40e5f36e9,BIG DICK INU,DICK,scam
0xe0b93b67822ed87a89ad20f350c35d9c3698a077,AITCSK,AITCSK,scam
0xe0bdcff9e8be15cfd7a4e93346ff549ad78b9b3f,Yoroshii,Yoroshii,scam
0xe0f309e8b41dd6b138b1ee213aa1f5d58da885fc,JINDO Coin,JINDOCOIN,scam
0xe1240ac7bb51333510cbf37efd678ca46137f84b,RED,RED,scam
0xe1631864495a2251ae092d678111ace32ee28ad4,FuraCoin,FURA,scam
0xe172f366678ec7b559f6c2913a437baadfd4e6c8,Kauri,KAU,scam
0xe1a0a311adb89920816b79029484ea9b7d1ef32c,Najah Safiya,NS7,scam
0xe1be5d3f34e89de342ee97e6e90d405884da6c67,TRON,TRX,truthworthy
0xe1c7e30c42c24582888c758984f6e382096786bd,Curate,XCUR,truthworthy
0xe1d47b51cd9ba55cf92f99615ff7c409f5b95b40,TAMATAMA COIN,TM,truthworthy
0xe1da804f52504be6b09b190c279f0a7d8c033e22,DOGEMON,DOGEMON,scam
0xe20668a27e1b9bbb796ee9d711a7a958cdd65914,HeroWin,Hero,scam
0xe225aca29524bb65fd82c79a9602f3b4f9c6fe3f,Tratok,TRAT,scam
0xe29fd02c9a06b67bafac2a0b8088d84efeeb7623,HKFLY,HKF,scam
0xe304283c3e60cefaf7ea514007cf4e8fdc3d869d,GECOIN,GEC,scam
0xe3818504c1b32bf1557b16c238b2e01fd3149c17,PILLAR,PLR,truthworthy
0xe38b8ddec43b6a22e3d4e300a27d2fbd3d6494d2,Athena Fan Pass,AFP,truthworthy
0xe3b4f3c7993baadaf36cdeaea047307bd53ebbbd,FB,FB,scam
0xe3bbb26f03b8d1bf81bce853ec8b580eaa587e4a,Dumbo NFT,DBN,scam
0xe41d2489571d322189246dafa5ebde1f4699f498,0x Protocol Token,ZRX,truthworthy
0xe477292f1b3268687a29376116b0ed27a9c76170,Herocoin,PLAY,truthworthy
0xe48972fcd82a274411c01834e2f031d4377fa2c0,TwoKeyEconomy,2KEY,scam
0xe4a00976191ac5ce7cd15e6a763687635e3c3b79,TMPI,TMPI,scam
0xe4eb170ce07cbaf4a9912178f2e91a8a8654a7b6,Excel Application,EAP,scam
0xe5544a2a5fa9b175da60d8eec67add5582bb31b0,HashToken,HTK,scam
0xe581ad03c694d211b28bc624445da8604d41d46e,BitKingToken,BKG,truthworthy
0xe5aa296d54f7a8c5851fd12b2906016ef09f87d3,Playfulnftz,PNFTZ,scam
0xe5b826ca2ca02f09c1725e9bd98d9a8874c30532,ZEON,ZEON,truthworthy
0xe5caef4af8780e59df925470b050fb23c43ca68c,Ferrum Network Token,FRM,truthworthy
0xe61fdaf474fac07063f2234fb9e60c1163cfa850,Coin Utility Token,COIN,truthworthy
0xe64b18ea9f6cef68888ce13274b94f34597d3286,carbon chain,carbon,scam
0xe6602b34d8510b033e000975b3322537c7172441,Frontrow,FRR,scam
0xe66747a101bff2dba3697199dcce5b743b454759,GateChainToken,GT,scam
0xe6710e0cda178f3d921f456902707b0d4c4a332b,Julien,JULIEN,truthworthy
0xe67f943af5eb6051ef56f05979cc30b732717fa6,WATTTON,WATT,scam
0xe6fd75ff38adca4b97fbcd938c86b98772431867,ELA on Ethereum,ELA,scam
0xe760a89967d8c7fa638eebfc15a77ba107674021,Ziggurat Token,ZIG,truthworthy
0xe7976c4efc60d9f4c200cc1bcef1a1e3b02c73e7,MAX Token,MAX,scam
0xe7b00e91a3bbacb0eecd03828bf333021ef7e0d0,THREEREDTREES,3RT,scam
0xe7ca50d61d1aca6f9f67b6d3f9c6fa442fa2eedc,MATRIX,TATE,scam
0xe7d3e4413e29ae35b0893140f4500965c74365e5,B2BCoin,BBC,scam
0xe7f5c06fa44dfe2eaf631c5a8dc24b6aea6bc081,SuToken,SUT,scam
0xe8406598b63e574dda2d669f22622705d68e72fb,Hurry,Hurry,truthworthy
0xe89d167717a5470d830575a11a1a2b7e074141c7,Acre Carbon Standard Token,ACS,scam
0xe8c09672cfb9cfce6e2edbb01057d9fa569f97c1,Indicoin,INDI,scam
0xe8c798c0496ad1698f39a0b9af5f5b6019226018,WinlinkCoin,WLC,scam
0xe8d17542dfe79ff4fbd4b850f2d39dc69c4489a2,KiloAmple,kMPL,truthworthy
0xe9229776fbb2ebc93c1ce66c4db835280b25ca92,ArabEconomicUnion,LNA,truthworthy
0xe9528eb5c4ad05d692711f99cf03b9cc3f2497ec,Sun Baby,SUNBABY,truthworthy
0xe973e453977195422b48e1852a207b7ee9c913c7,ADreward,AD,scam
0xe9a95d175a5f4c9369f3b74222402eb1b837693b,ChangeNOW,NOW,truthworthy
0xe9f9547c17fc9539df99a42dcb6ec38165994c45,BouncyCoinToken,BOUNCY,truthworthy
0xe9fa21e671bcfb04e6868784b89c19d5aa2424ea,EurocoinToken,ECTE,truthworthy
0xea26c4ac16d4a5a106820bc8aee85fd0b7b2b664,QuarkChain Token,QKC,truthworthy
0xea3e7f9b7e7e8e9458bf3a1e05ccbf1304768c66,KaikenInu,KaikenInu,scam
0xea610b1153477720748dc13ed378003941d84fab,AlisToken,ALIS,scam
0xea6b6a4b813d1436a75883fcc789121e4b3f0465,Kona Summit Platform Coin,KSPC,scam
0xeaa284393a4c4c6b26aaaededc6eb3140283371a,Shikoku,SKKU,scam
0xeaf61fc150cd5c3bea75744e830d916e60ea5a9f,Typerium,TYPE,truthworthy
0xeb6026d3beaa308d5822c44cdd2ca8c7714237ec,All Sports X,SOC,truthworthy
0xeb9951021698b42e4399f9cbb6267aa35f82d59d,unknown,unknown,scam
0xebad1390c8a54197042183419ef22dba98ca028b,6.5% TRACK MGMT 2030 TOKEN,TRKS1,scam
0xebc345e12c14449f2b63f077fd86f3345b0f0d14,ESplash,ESPL,scam
0xebd5c4e4a30f998bbc7efec1d8b4372be438d4de,CryptoFiNity,FINI,scam
0xebd9d99a3982d547c5bb4db7e3b1f9f14b67eb83,Everest ID,ID,scam
0xebe4a49df7885d015329c919bf43e6460a858f1e,SHOOK,SHK,scam
0xebed4ff9fe34413db8fc8294556bbd1528a4daca,VENUS,VENUS,truthworthy
0xec67005c4e498ec7f55e092bd1d35cbc47c91892,Melon Token,MLN,truthworthy
0xec985525f3f22c7fa9c9ff4a49e37589a76d86d4,SGCC,SGCC,truthworthy
0xecad393401a0378b3c4904e477396e6c513abcb2,wTwitter Coin,wTWTC,scam
0xed1588721a6b3dc54364d0303c067726590e2b70,DFINITY,ICP,scam
0xed40834a13129509a89be39a9be9c0e96a0ddd71,Warp Token,WARP,truthworthy
0xedd7c94fd7b4971b916d15067bc454b9e1bad980,Zippie,ZIPT,truthworthy
0xee4458e052b533b1aabd493b5f8c4d85d7b263dc,Blockpass,PASS,scam
0xee50fd765204b985fd50b6b2f74560f13d7d4b6f,AmpersandCoin,AMP,truthworthy
0xee70cd3a07f7d0519df5374c5c726a3d3c7a7cdb,Bonzocoin,BAR,truthworthy
0xee7527841a932d2912224e20a405e1a1ff747084,Stronghold SHx,SHX,scam
0xee9e5eff401ee921b138490d00ca8d1f13f67a72,Asian Fintech,Afin,scam
0xeed2b7756e295a9300e53dd049aeb0751899bae3,DOG: The Anti-Scam Reward Token,DOG,scam
0xef04bd2ad652c6c4efc86cc7432ebff7e23cb983,Alien Token,UFO,scam
0xef19f4e48830093ce5bc8b3ff7f903a0ae3e9fa1,botXcoin,BOTX,scam
0xef7bce1be2ba032131326910a6c11e716daedbff,Spurt Plus,SPU+,scam
0xefec3e34f1175bad2444c7b974e9dd5e105f991b,TBAG,TBAG,scam
0xf02123509a08632339102ee5fdd41b638592e495,DUCATO,VEN,scam
0xf0479b4f4bf5906163aa47713d6931b9d23b84db,Civic,CVC,scam
0xf04a8ac553fcedb5ba99a64799155826c136b0be,Flixx,FLIXX,truthworthy
0xf063fe1ab7a291c5d06a86e14730b00bf24cb589,DxSale.Network,SALE,scam
0xf071a4a5086a71af034ae895288da437e2722469,ChrisBell,BELL,scam
0xf0acf8949e705e0ebb6cb42c2164b0b986454223,Barter,BRTR,scam
0xf0bc1ae4ef7ffb126a8347d06ac6f8add770e1ce,1Million Token,1MT,scam
0xf0c5831ec3da15f3696b4dad8b21c7ce2f007f28,AXIS Token,AXIS,scam
0xf10996a32cefe696c011a350bb3dcced55d6b3a7,Deflation Inu,DEFLATE,scam
0xf10dc143274bbe4e717d43dc6b39c84a458c5437,Ozone,OZONE,scam
0xf1bbf1fe0fbfc42556cfebd32935b82ab2daba69,Spencer Token,SPENCE,scam
0xf1c0f63a9beb1cd9082d8942e6ad575ebe9186eb,WallStreetBits,WSB,scam
0xf1ca9cb74685755965c7458528a36934df52a3ef,AVINOC Token,AVINOC,scam
0xf1f227f5ecffba9a42b4280d75c1df95ab0c9216,JSB Coin,JSBC,scam
0xf20b76e580406687dc4556cbdb3f794d7eff295e,PUNM,PUNM,truthworthy
0xf230b790e05390fc8295f4d3f60332c93bed42e2,Tronix,TRX,scam
0xf28463c616bd7b14287b0a4a950d35324f2d7280,IronX,IRX,truthworthy
0xf293d23bf2cdc05411ca0eddd588eb1977e8dcd4,Sylo,SYLO,truthworthy
0xf2b87ce9c2ce65e786d6ffee0fdb9629ceff05f2,Dreamscape,DSC,truthworthy
0xf2e10b224680189042863f80ce8b7ab33f2747e2,DataX Protocol,DATAP,scam
0xf33683d0d690ccdbbf63a54b8d6709ff7e6cf987,Truflation,TFI,truthworthy
0xf34b1db61aca1a371fe97bad2606c9f534fb9d7d,Arbismart Token,RBIS,truthworthy
0xf34ee2ad4d4770de80b885ed5853ac52f4e93c07,Fortune Coin,FOC,truthworthy
0xf377745e14bc6963a7e28acb23675081be81dc44,ETHERA,ETHERA,scam
0xf3ae5d769e153ef72b4e3591ac004e89f48107a1,Deeper Network,DPR,scam
0xf433089366899d83a9f26a773d59ec7ecf30355e,Metal,MTL,truthworthy
0xf4fe95603881d0e07954fd7605e0e9a916e42c44,WHEN Token,WHEN,scam
0xf53ad2c6851052a81b42133467480961b2321c09,Pooled Ether,PETH,scam
0xf5881f43add09f3bbc080ef4df0b7f755153bc8e,XFC Fan Token,XFC,truthworthy
0xf5b15fefa638849294db2a836433eca4f7429f6f,Ben Token Ving,BTV,scam
0xf5b5efc906513b4344ebabcf47a04901f99f09f3,UBX,UBX,scam
0xf5ba8a8c87f976b79b17ccd25ee8dc2f8e82fb59,EtherStone,ETHS,scam
0xf5e4313be1fe70f0d5b02752cb5d7620672996d8,EQUA Cash,EQUA,scam
0xf6117cc92d7247f605f11d4c942f0feda3399cb5,Multicoin,MTCN,scam
0xf61ae54b74a37be4fc11e9f1a35021848d996afc,Ethereum Max Classic,EmaxC,scam
0xf629cbd94d3791c9250152bd8dfbdf380e2a3b9c,Enjin Coin,ENJ,truthworthy
0xf67041758d3b6e56d6fdafa5b32038302c3634da,TBC Shopping Token,TST,scam
0xf68f0bdd54a7db0c9e3e1b170ca7ba8e1345bd70,Cloud computing power,CCP,truthworthy
0xf6ad0d1dfcbb72df2141860e9e1d0eda94485c30,Just Got Slapped,SLAP,scam
0xf6c163a470d7b6fb4b134af394811372baa44a33,OMF ORANGE,ONG,truthworthy
0xf70a642bd387f94380ffb90451c2c81d4eb82cbc,Starbase,STAR,truthworthy
0xf784682c82526e245f50975190ef0fff4e4fc077,Inlock token,ILK,truthworthy
0xf7f1638486ab4dc30d79bd54d210d26c61562208,PulsePad,PLSPAD,scam
0xf882aadfd8ba193554c6ed9e1dd463010faefa16,Artixt Coin,ART,scam
0xf89ba2862dfae69bc2546568d56b087d7454c9c9,BaoBoShiCoin,BBSC,scam
0xf8c17c840549974ec17c6573b3963f1e3046c0eb,Prediqt,PQT,truthworthy
0xf8d325872acbaed090056b4e0bf104b1c735f439,Store,STC,scam
0xf8e386eda857484f5a12e4b5daa9984e06e73705,Indorse Token,IND,truthworthy
0xf8e45adb4e03379a68b5cd91c9f22f77d240a76e,QDDS,QDDS,scam
0xf920e4f3fbef5b3ad0a25017514b769bdc4ac135,BABB BAX,BAX,scam
0xf970b8e36e23f7fc3fd752eea86f8be8d83375a6,Ripio Credit Network Token,RCN,truthworthy
0xf9d4daae1300cff251979722c4a3c45857973079,Castle,CASTLE,truthworthy
0xf9d8fdd263f3f11018c7e6846b8a338f5e170c32,WFC TEST,WFCTEST,scam
0xfa16787df2594122acd572dbdba51984464db85c,GOODNİGHT,GN,scam
0xfa3e941d1f6b7b10ed84a0c211bfa8aee907965e,HayCoin,HAY,scam
0xfa6f7881e52fdf912c4a285d78a3141b089ce859,Avocado,AVO,scam
0xfadab74521e9ff2a2fad60b135fd6fe61c8673cf,770VenturesCoin,770VC,truthworthy
0xfb0bdc444c8ae7e9b5beea5e4d1e8de93879e487,SPRING Token,SPRING,scam
0xfb1172b050bcc798e37ae8abf620cc528e771162,GoMeat,GOMT,truthworthy
0xfb8b9ae4c1abeac1c837cba22175abe4fa3af666,Shiba King,👑Shib,scam
0xfc05987bd2be489accf0f509e44b0145d68240f7,ESSENTIA,ESS,truthworthy
0xfc281596263507f114310e97e0ef9b0f3869e1c4,VIPMak3r,VIP3R,scam
0xfc82bb4ba86045af6f327323a46e80412b91b27d,Token Prometeus Network,PROM,truthworthy
0xfca47962d45adfdfd1ab2d972315db4ce7ccf094,IXT,IXT,scam
0xfd3305e1c7cb5d269fb6ced8eb8240255a50e7a4,Cloudbit Token,Cloudbit Token,scam
0xfd957f21bd95e723645c07c48a2d8acb8ffb3794,Ethereum Meta,ETHM,scam
0xfdb372e011a745f8f839863608aca778998beb0f,THE REAL DONALD TRUMP,POTUS,scam
0xfdb3a5cbd304e5d5237bb1c205b0997d578d1b77,BIG DOGE,BDOGE,scam
0xfdc559f9ea4916fcd7ef1507add272b178a3d531,Rottweiler,Rottweiler,scam
0xfe4455fd433ed3ca025ec7c43cb8686ed89826cd,MZI GOLD,MZG,scam
0xfe52d1ed52b394a2237888bcc8ea965b23244b6a,GOOCH SWEAT,GOOCH,truthworthy
0xfe775709a234cb44c389d1a2ff23f99ba094e757,Pepe The Frog Coin,PEPE,scam
0xfea300256736dc102f63552303a5b0995b15f79e,Bridged Echelon,bECH,scam
0xff4ac1c563093c5be6a3a13d3c99aafda159cefa,CommiMissouri,MEDICAID,truthworthy
0xff56cc6b1e6ded347aa0b7676c85ab0b3d08b0fa,Orbs,ORBS,truthworthy
0xff583f9c298fda98a664315fad45b2d5b8685b8a,Jentry,JENTRY,scam
0xff59c6a13b272db7b278f04e5300e53b46faad78,ToknTrade,TOKN,scam
0xffe1ab085332720f63cf6784b94b43f45ee24c8f,Dubai Expo Ring,DXB,scam
0xfffdaa42568c2032616ba7061c690e9dccf6bdea,Vinovault Coin,VNV,scam
